File ID,Transcript,Duration (s),Word Count
sarawak-02-1,oh zul kitak tauk sik pasal nembiak nak lambat datang kelas ya,4.89,12
sarawak-02-2,nembiak ne,0.98,2
sarawak-02-3,aie nembiak medik lah,1.34,4
sarawak-02-4,aie adakah,1.25,2
sarawak-02-5,ee jijot madah nya nyuruh nembiak ya kluar daripada dalam kelas,4.97,11
sarawak-02-6,jijot ibohnya nang suka molah miak camya,2.35,7
sarawak-02-7,sebab tek nak nembiak ya eh nya datang lambat sebab nya tertidur,4.74,12
sarawak-02-8,lepas ya gine lah nok ya tek,2.02,7
sarawak-02-9,pas ya nya nangis nangis pas ya nak jijot sikmok suma orang lam bilit ya diajarnya lepas ya semua orang disuruh nya kluar,8.39,23
sarawak-02-10,sian lah ngan biak ya juak oh,1.97,7
sarawak-02-11,ya lah tek sik gik kmk tauk camne gik nak molah bagus kita madah ngan dekan jak oh kitak rasa benda ya patut sik diteruskan kah caranya nya kah ataupun salah kah gaok gilak kah,12.36,35
sarawak-02-12,"jijot ya nang gaok juak kesian juak ngan nembiak bah dipolah macam ya""",3.99,13
sarawak-02-13,ya lah tek tapi nembiak kinek tok nang senang nak dmintak complain kinek tok dah ada slot pakey student complain padah ngan dekan terus,13.34,24
sarawak-02-14,yalah dak nya dah lah makin kurang disiplin kinek tok lepas ya berani gik nak padah ngan dekan dah tauk dirikpun salah,6.58,22
sarawak-02-15,yalah tek pa nama ya tek ari marik bah daknya pergi ngagak dekan mesti bnyak gik benda nak d complain so kitak rasa okay kah benda-benda camya,9.64,27
sarawak-02-16,pa dak dicomplain sidak nya oo,1.69,6
sarawak-02-17,entahlah,1.2,1
sarawak-02-18,yalah bingong juak nyawa nengar takut kita tok yang kenak klk bah padahal kita tok maok dak nya jd bagus,5.99,20
sarawak-02-19,biak kinek tok nang sikdpt nak dberik muka bah biak kinek tok,6.43,12
sarawak-02-20,rasa pandey tapi sebenarnya sik nak,1.87,6
sarawak-02-21,ya lah tek,0.86,3
sarawak-02-22,suruh belajar sikmaok,1.43,3
sarawak-02-23,haih susah juak biak kinek tok oh,2.53,7
sarawak-02-24,um pa nama ya tek aa nembiak nak nama sapa nama biak ya tek oh ah apa nama nya tek kah lupak ku namanya,9.63,24
sarawak-02-25,uh siti siti apakah siti asmah,3.09,6
sarawak-02-26,aok pas ya lah nak ada indah nok ya pa nama nya tek ah script yang dekan- eh borang evaluation yg dsuruh dekan polah,8.79,24
sarawak-02-27,aok,0.32,1
sarawak-02-28,konon konon nya tek nak evaluate sapa pengajar yg paling bagus mun sik bagus berik satu mun bagus berik lima,7.8,20
sarawak-02-29,pa reti camya,1.16,3
sarawak-02-30,nak kah kita camya jadi indicator untuk menjaikkan lecturer,4.44,9
sarawak-02-31,aok yalah kesian juak nangga bah pensyarah dipolah macam ya,3.23,10
sarawak-02-32,aoklah hmm kitak rasa kitak mok padah ngan dekan kah hal tok macam sik betul jak,7.15,16
sarawak-02-33,boleh juak mun kitak mok menjelaskan dgn nya mun sik kelak mun semua orang diam jak lalu kelak hujung-hujung kita juak kenak pas ya student makin sik bagus prangey,10.9,29
sarawak-02-34,mm yalah pa nama ya tek ah adalah kmk nangga nak evaluation ya tek pas ya nak sidaknya madah eh ada orang nak lecturer nak sik pandey ngajar langsung,13.75,29
sarawak-02-35,oo tedah lecturer ya lelah jak nya ngajar,2.39,8
sarawak-02-36,aok sidak myanmar dipadah sikpandey klaka english,3.31,7
sarawak-02-37,nang dah english bukan bahasa sidaknya,3.01,6
sarawak-02-38,macam kita tek klaka bercampur-campur bahasa sarawak lah apa lah,6.51,10
sarawak-02-39,ada kitak nangga markah kitak brapa,2.13,6
sarawak-02-40,hm kmk so so jak macam tiga empat kedak ya,3.49,10
sarawak-02-41,oo tedah,0.83,2
sarawak-02-42,tedah oh siktaulah camne nak improve dirik kita yang rasa jadi macam slow macam rasa down sebab oleh biak,9.88,19
sarawak-02-43,yalah biak kinek tok susah juak nak madah eh camya adoh eh sidaknya tok dah disuruh kita molah giya bukannya mok nengar juak daknya dah diberik kita tok gine nak madah tek nak orang puteh madah “spoon feed”,16.93,38
sarawak-02-44,baju baju lom gik kitak nangga sidaknya makey baju ya allah baju seluar ketat gine gaya pakey skinny jeans,7,19
sarawak-02-45,ah mun kenak temu percuma lah nang kenak anok jak,3.13,10
sarawak-02-46,sidak ya academic tek konon-konon tek nak nya tek nyuruh ambik matrik number lepas ya berik ngan sidak academic lepas ya apa seterusnya kmk pun sik tauk,10.28,27
sarawak-02-47,sik tauk,0.64,2
sarawak-02-48,sik- sikda pun apa2,1.78,4
sarawak-02-49,saman sikda,0.68,2
sarawak-02-50,sikda bagus nyuruh pengawal keselamatan jak tangkap sidaknya terus daripada daknya kedak ya macam macam daknya gik nanyak pahal mok ambik nombor matrik mek orang ha pandey nanyak indah,13.79,29
sarawak-02-51,berik denda jak terus siya,1.66,5
sarawak-02-52,berik jak rm50 terus oh,1.74,5
sarawak-02-53,ha skali kenak tangkap rm50,1.02,5
sarawak-02-54,nya perlu ada sop lah benda2 macam tok standard of procedure,3.93,11
sarawak-02-55,aok eh biak kinek tok eh susah naa nak madah oh,4.41,11
sarawak-02-56,macam dh sik hormat ngan orang,1.37,6
sarawak-02-57,yaa ari marek kmk nemu sorang gik makey loa seluar  ketat berjalan adoi nama jak nembiak blajar perubatan,8.66,18
sarawak-02-58,bagus iboh berbaju jak oh,1.98,5
sarawak-02-59,aok,0.78,1
sarawak-02-60,pas ya ada bertemu ngan nak bercium-cium indah debah interactive pun area ya ya sapa kah,5.83,16
sarawak-02-61,ya nembiak dari fakulti lain ya datang-datang jak ya,3.28,9
sarawak-02-62,tapi sama juaklah pelajar juak lah tek,4.21,7
sarawak-02-63,yalah pelajar kinek tok dari masalah datang lewat dari masalah disiplin dari masalah pakaian semualah serba serbi,8.2,17
sarawak-02-64,pakar complain nak oh,1.48,4
sarawak-02-65,complain nombor satu adoh gine kita nak mlh oh gine rasa kitak bagus bah mun nak ngatur sidaknya,8.49,18
sarawak-02-66,hmm kamek rasa kita perlu embak pergi yang atasan lah kita padah lok dengan dekan sebenarnya mun kitak sik madah nak daknya sikkan tauk bah apa semua benda tok nya perlu diembak ke atas macam pakey perlu memberatkan dirik datang ngagak dekan and padah apa yg berlaku,18.14,47
sarawak-02-67,sidak nya udah di padah kita dengan lembut pun sikmok nengar susah juak eh kita tok nak bait ngan dak nya kita nak madah kita merik- apa nama tek just kita tek nak madah jangan lah macam tok lagik macam macam ya lagik dah di padah bagus-bagus sikmok nengar nak,18.71,50
sarawak-02-68,ya lah tek kelak mun fail gago mintak ulang-ulang lah remarks lah apalah,7.83,13
sarawak-02-69,ya segek gik cerita tdik nak pasal yg kitak cerita pasal miak fail tek mun sidaknya tek pass bangga madah dirik tek pandey,8.1,23
sarawak-02-70,sine ya madah lam ne lam facebook,1.51,7
sarawak-02-71,madah lam twitter kah apa tapi mun fail student- eh lecturer sik pandey ngajar pensyarah disalah sik pandey ngajar bukan salah sidak nya,8.85,23
sarawak-02-72,macam-macam masalah kita nak oh dah kita tok eh gago-gago jak molah itunes lah molah prezi pakey nak nangkap orang eh nak nyuruh sidak—,9.44,24
sarawak-02-73,pakey nyuruh lecture daknya tek best,1.64,6
sarawak-02-74,aok camne kata orang tek—,1.89,5
sarawak-02-75,kuliah tek pakey narit perhatian,2.83,5
sarawak-02-76,kitak sikpat juak dipolah giya pas ya canggih-canggih benda suma dak iphone ipad canggih2 tapi attitude nya sik bagus,9.79,19
sarawak-02-77,aok attitude sik bagus yalah sik guna juak,1.9,8
sarawak-02-78,di pampered dolok eh salah di pampered kah camne nak madah tek uh di di apa,5.57,16
sarawak-02-79,di anak emas,0.91,3
sarawak-02-80,di anak emas gilak oleh mak bapaknya sendirik,3.44,8
sarawak-02-81,apa gik nak slalu kitak dengar slalu di office,5.83,9
sarawak-02-82,selalu masalah macam ya macam ya jak lah selalunya apa lagik oh,4.39,12
sarawak-02-83,hmm pa nama ya tek,2.7,5
sarawak-02-84,ya tadik ya student ada student pengsan tadik,3.99,8
sarawak-02-85,ya apa ya masalah apa,1.56,5
sarawak-02-86,ada student pengsan ya masalahnya pelajar2 lain sik pandey nak nolong pun,3.81,12
sarawak-02-87,oh ya kah,0.88,3
sarawak-02-88,ah nang kesian ngan nembiak ya,2.07,6
sarawak-02-89,aok ya lah tek,0.81,4
sarawak-02-90,harap pensyarah jak nolong semua,1.03,5
sarawak-02-91,nak kita duak nangga tek lalu macam bebek lah sik tauk apa-apa nak oh,3.05,14
sarawak-02-92,nembiak lain nang nagga jak camya bukannya pandey nak nolong yalah biak kinek tok nang sik macam biak dolok suma nolong kawan-kawan suma biak kinek tok dtangga nya giya ditangga nya giya ajak sik d lalek pun,11.81,37
sarawak-02-93,macam budaya orang luar yg macam ah camne kita nak madah lam bahasa inggeris tek selfish,7.02,16
sarawak-02-94,aoklah yg macam nok ya lah pa nama pentingkan dirikpun,2.77,10
sarawak-02-95,aok eh pentingkan sndirik,2.07,4
sarawak-02-96,nembiak kinek tok eh harap jak lah,2.16,7
sarawak-02-97,bila nangga kita bukannya nak tegur,1.91,6
sarawak-02-98,ah ya nang sik maok lah kita negur dolok baruk nya negur,2.6,12
sarawak-02-99,assalamualaikum pun sik ha nak ya kita ditunggah nya kakak “ah kak kak ” maka kita tek terang-terang dah ngajar nya duak tiga kali sampey juak lah sik ingat muka kita tok nak,14.26,33
sarawak-02-100,pujian bah awet muda ya nunggah kitak kakak jak,3.21,9
sarawak-02-101,ya lah menunjukkan eh sik kiralah kau kakak kah apalah kau kerani kah kau cleaner kah kau mestilah tunggah nya puan kah cik kah ya yg menunjukkan attitude yg sik bagus lah sebenarnya,11.04,33
sarawak-02-102,cara yang bagus kita mok kelaka ngan orang macam ne kita nak nunggah orang ya yang patut dblajar,4.76,18
sarawak-02-103,dah belajar softskill tapi sine tuju softskill kau ya engkah ke nokya dibah tanah balajar sikguna juak softskill perlu di asah gik kursus softskill gine untuk menunjukkan dengan student ya lebih bagus gik lam benda-benda attitude kedak tok,19.1,38
sarawak-02-104,yalah pelajar kita tok haraplah nya akan berubah jak lepas tok,4.74,11
sarawak-03-1,leha sik lamak gik kita tok nak raya owh,3.67,9
sarawak-03-2,bulan brapa,1.16,2
sarawak-03-3,bulan lapan ka bulan tujoh raya taun tok tapi nang dekat gik lah sik lamak gik,5.3,16
sarawak-03-4,bila kita posa owh coba nangga almanac eh sak jak almanac sik di ambik di atas nun,4.6,17
sarawak-03-5,"almanac sik hal lah tangga pakey tepon tok ada kalendar bah""",2.11,11
sarawak-03-6,aok coba kitak nangga,1.81,4
sarawak-03-7,kamek rasa kita posa dalam bulan,4.04,6
sarawak-03-8,enam,0.4,1
sarawak-03-9,bulan tujoh tengah bulan tujoh,2.05,5
sarawak-03-10,owh bulan tujoh,2.63,3
sarawak-03-11,sik berasa posa,0.88,3
sarawak-03-12,bukan lekak gawai ka,2.09,4
sarawak-03-13,sik tauk juak dah ya tek gney awal lah prepare persediaan raya,4.65,12
sarawak-03-14,kamek orang tok biasalah bukannya nak molah baju pun kamek suka beli dekat almas ya jak beli jak lah beli jak apa yang dah siap pun tapi kelak kamek akan complain dengan faizul apa lah gila kamek beli baju sik nyaman dipakey lah apa lah coba kita molah awal-awal,17.79,49
sarawak-03-15,aok,0.26,1
sarawak-03-16,pegi carik tailor awal-awal,1.29,4
sarawak-03-17,yalah ada tailor murah dekat kampong bako ya,3.03,8
sarawak-03-18,siapa ya,2.06,2
sarawak-03-19,kawan nat pernah madah,1.3,4
sarawak-03-20,mena kah,0.47,2
sarawak-03-21,nya nganta dress dekat sia nya nganta baju gaon kat sia,3.58,11
sarawak-03-22,aok,0.62,1
sarawak-03-23,tauk sik kitak nya boleh orang ya madah mun kitak perlu emergency nya boleh siapkan dalam masa empat jam jak,5.65,20
sarawak-03-24,astargfirullahalazim,1.54,1
sarawak-03-25,empat jam ajak orang ya molah,1.32,6
sarawak-03-26,kenak nya gya gilak,0.42,4
sarawak-03-27,"and nya boleh siap engkah beading-beading batu-batu""",2.27,7
sarawak-03-28,serius brapa duak puloh,2.16,4
sarawak-03-29,enam puloh limak ringgit dress,1.45,5
sarawak-03-30,serius sumpah tok,0.7,3
sarawak-03-31,mun kitak nganta di fancy dah tiga ratus,2.21,8
sarawak-03-32,mena ka,0.25,2
sarawak-03-33,aok mena tapi yalah tek kamek duak nat tek agik sik tauk siney rumah orang ya,4.97,16
sarawak-03-34,bah siapalah tang ada ada madah,1.89,6
sarawak-03-35,kawan nya sentiasa nganta baju di sia,1.58,7
sarawak-03-36,ya allah mena ka,1.6,4
sarawak-03-37,aok nang,1.37,2
sarawak-03-38,sik sik nya orang apa miak ya tengah belajar ka,4.18,10
sarawak-03-39,sik nya kira tek kira lembut-lembut lah kira orang laki ya tek,2.65,12
sarawak-03-40,owh pondan o tedah,1.88,4
sarawak-03-41,tapi kotan nya ya tek nang rajin nya madah “mun kitak perlu emergency eh empat jam kamek boleh siap kitak nunggu”,5.91,21
sarawak-03-42,tapi jaoh lah bako,1.58,4
sarawak-03-43,yalah carik tapi rasanya sik perlu sampey nak melintas perauk sungey ya sik dekat seberang ya jak,7.72,17
sarawak-03-44,aa kasya,0.82,2
sarawak-03-45,kenak kawan si nat ya sik madah dengan kitak siney rumah,3.95,11
sarawak-03-46,nya sik pandey nak madah juak,1.53,6
sarawak-03-47,nombor telefon,0.34,2
sarawak-03-48,kampong macam ney yalah sik tauk juak,2.3,7
sarawak-03-49,bah laju kamek maok serius,1.67,5
sarawak-03-50,yalah plan sidak nak nganta reya dak nya madah mok coba di sia tauk sik kitak nya pernah pegi sia sekali nak molah baju nya tek sikda ngembak kain sikda apa semua orang ya semua turun ke pasa meli kain apa suma,11.64,42
sarawak-03-51,o tedah,0.93,2
sarawak-03-52,aok baruk seratus jak nya ngecas,3.05,6
sarawak-03-53,kain apa,1.39,2
sarawak-03-54,kain baju bagus sekali dengan batu-batu bermanit-manit nang rajin nya,4.76,10
sarawak-03-55,kinek tok ada jual nak ready-made nak sequin ya bah boleh beli,4.12,12
sarawak-03-56,tapi nang rajin kamek ada nangga hari raya nya makey,2.66,10
sarawak-03-57,mena ka,0.36,2
sarawak-03-58,yalah taun tok naju kaler apa gik owh kitak taun nun tek kaler apa bah,4.42,15
sarawak-03-59,jap ah kamek fikir dolok ah disebabkan family faizul tek makey warna merah last year terpaksa juaklah kamek makey baju merah tek nak,7.83,23
sarawak-03-60,aok,0.27,1
sarawak-03-61,walaupun taun lepas-lepas kamek pun pakey warna merah lepas ya kamek pakey warna apa owh warna pink kah rasanya warna pink,9.06,21
sarawak-03-62,taun nun tek nak,1.06,4
sarawak-03-63,kitak tauk sik kamek dah gemok badan kamek dah besar pasya baju kamek sik muat,4.97,15
sarawak-03-64,yah abislah crita kitak,1.53,4
sarawak-03-65,semua baju nak dibeli faizul ya nak faizul tek pegi kl hari ya nak kah nya beli kain pasya nya madah “polah baju tok pakey kitak kerja” neyda kamek makey gik kitak perasan sik kamek sik pakey gik,7.6,38
sarawak-03-66,yalah ingatkan molah baju tek dapat dipakey lagik tok paksalah molah baju baru tok ikut ukuran badan baru,6.36,18
sarawak-03-67,ya allah gemok kamek nang gemok lah kamek tauk lah tapi kamek macam sik lalek pun nikmat makan,6.41,18
sarawak-03-68,aok,0.7,1
sarawak-03-69,sik lalek lah so kamek rasa,2.09,6
sarawak-03-70,tambah gik hari raya gik kelak ah,1.38,7
sarawak-03-71,hari raya ini kamek rasa kamek nak makey baju jubah jak owh sak,5.46,13
sarawak-03-72,boleh pakey jubah boleh,0.93,4
sarawak-03-73,aok tapi boh lah gago makey jubah itam jak beli sequin abis gila mati kita pakey sequin,5.51,17
sarawak-03-74,ada jubah sequin kinek tok kacak,1.68,6
sarawak-03-75,tapi ya bukanlah semua di lengan ajak ada kamek nangga duak igek seratus murah sik,4.11,15
sarawak-03-76,murah,0.21,1
sarawak-03-77,kat almas,1.18,2
sarawak-03-78,boleh beli ya pakey raya tapi carik kaler ekot ya kamek taun tok sik tauk lah kaler mok dah abis dah kaler dah bertaun-taun dah raya,7.15,26
sarawak-03-79,kitak tauk sik nak kaler kitak suka yang purple ya eh namanya royal purple kan ada royal blue,6.07,18
sarawak-03-80,aok royal purple juak,1.35,4
sarawak-03-81,"royal purple kamek baca tek owh nak tok lah di suk oleh wahizul""",4.65,13
sarawak-03-82,"purple lah tak orang taun tok""",1.01,6
sarawak-03-83,mala jak purple ya kamek rasa sik boh jak eh purple mala jak purple carik warna lain ha warna gadong gadong apa warna ijo,7.55,24
sarawak-03-84,warna gadong warna kodok kodok ya purple,2.09,7
sarawak-03-85,gadong hijau nak,0.94,3
sarawak-03-86,aok gadong lah,1.93,3
sarawak-03-87,gadong kamek maok gadong apa owh gadong pisang,3.04,8
sarawak-03-88,kamek udah warna ya kitak tauk jak lah kamek tok minat kaler ijo,3.24,13
sarawak-03-89,kalas,1.53,1
sarawak-03-90,warna kalas sik pernah mek pelik gilak upa klak makey,2.92,10
sarawak-03-91,sikdahal kitak puteh bah boleh pakey eh baby soh baby ya mesti best kakya takorang sefamili akan makey baju kaler ekot lah nya kaler kalas gik ekot nya sebab nya pompuan bah,15.7,32
sarawak-03-92,aok mun jak nya maok diberik nya warna pink dolok lah taun tok,3.03,13
sarawak-03-93,o tedah,0.77,2
sarawak-03-94,giney ndak rupanya makey baju raya,2.9,6
sarawak-03-95,pa nama ya tek,0.81,4
sarawak-03-96,umo baru brapa bulan,1.62,4
sarawak-03-97,eh dah dekat nak setaun juak nak eh seven months kedak ya okay lah,3.42,14
sarawak-03-98,okay lah,1.12,2
sarawak-03-99,apa nama kamek warna apa tek owh lupak mek eh kelak kamek nanyak faizul lah,5.48,15
sarawak-03-100,ya baruk cerita hal baju nak barang gik barang pakey raya gik kueh gik,5.14,14
sarawak-03-101,kamek sikda perasaan pun nak raya sebab macam kinek tok semua barang mahal,3.88,13
sarawak-03-102,kitak orang mesti balit sibu nak owh,1.39,7
sarawak-03-103,seperti biasa,1.33,2
sarawak-03-104,balit kampong,0.91,2
sarawak-03-105,balit kampong lah ya jak lah ada kampong kamek pun kampong apa kampong siol kandis kampong rumah kamek mpun,5.5,19
sarawak-03-106,aok eh kamek neyda balit kampong adalah hari raya keduak raya ketiga jak ngabas di kampong pinang,8.17,17
sarawak-03-107,kamek sik pernah raya nak macam seminggu kamek raya nak pegi menziarahi kawan-kawan mek dekat sitok sebab nak contohlah hari raya pertama mek di kuching pasya bila mek ari raya keduak ketiga keempat kelimak keenam mesti semua di sibu kamek nang sikda gik jumpa kawan kamek,16.84,46
sarawak-03-108,kenak sik take turn owh sik ikut giliran eh kitak orang,3.47,11
sarawak-03-109,nya mesti duak-duak mesti ada tempat macam tek contohnya tek raya taun tok tek kamek,5.68,15
sarawak-03-110,taun tok boleh kitak first day di sibu kakya duak tiga empat limak enam di kuching sebab taun ya tek dah gya,5.45,22
sarawak-03-111,sik nya maok macam ya duak tiga hari,3.04,8
sarawak-03-112,terpaksalah bertolak ansur,1.86,3
sarawak-03-113,sik nya madah macam tok “mun kita tok ari raya asal nak raya jak mesti kita bertengkar” boring kamek camya bah mala jak macam jadi masalah,9.22,26
sarawak-03-114,yalah kitak belaki ngan orang jaoh nak owh,2.47,8
sarawak-03-115,"mistake lah tek""",1.33,3
sarawak-03-116,sik lah mistake neyda kamek madah nya mistake kah apa,3.2,10
sarawak-03-117,nama lah apa boleh buat dah takdir nak,2.77,8
sarawak-03-118,dah jodoh kitak ngan orang jaoh yalah nasib bait masih dalam sama dalam sarawak,4.59,14
sarawak-03-119,aok,0.47,1
sarawak-03-120,mun nak jaoh,1.07,3
sarawak-03-121,giney ndak mun kamek nikah dengan orang dekat kl owh nak hari ya patut lah ayah kamek madah cam tok nya madah nak “coba lah fikir dolok mun kitak nak nikah dengan orang nikah dengan orang yang sama tempat kita sik payah kita berkelaie” katanya,12.45,45
sarawak-03-122,aok,0.79,1
sarawak-03-123,kamek faham kinek tok yang sebenarnya ya yang dipadah bapak kamek sebenarnya,4.63,12
sarawak-03-124,yalah dah terlambat menyesal pun sik guna juak,2.74,8
sarawak-03-125,yalah tapi at least nya ada dekat sibu kuching bukannya jaoh pun pakey belon tiga puloh minit jak nak,3.65,19
sarawak-03-126,aok yalah tek tiga puloh minit jak pun,2.92,8
sarawak-03-127,yalah kepak nyawa kamek bila kita nak balit kerja tok owh,6.44,11
sarawak-03-128,kejap gik lah maka orang gik tengah becerita hal raya tek,2.96,11
sarawak-03-129,kamek lapa macam rasa macam posa jak,2.75,7
sarawak-03-130,sik lamak gik posa,2.13,4
sarawak-03-131,camney ndak kamek posa owh mesti kamek posa kelak kedak nak mati kerana kamek kelaparan kamek kan dah gemok ney aek cola kamek tek owh,8.03,25
sarawak-03-132,kamek sik hal kamek bulan posa tahan mek sebab kamek biasa sik makan gilak bah,4.74,15
sarawak-03-133,kitak perut apa perut kamek perut lembu empat igek perut mek lekak nya makan kua pasya makan balit kua camya bah omasum abomasum pa semua,8.93,25
sarawak-03-134,aok,0.68,1
sarawak-03-135,lelah nyawa kamek tok eh kepak nyawa kamek tok kamek nak balit nakya pa nama nya tek,8.06,17
sarawak-03-136,pa nama tek owh ada kamek nenga nak sidak di opis atas nun awal sekali dah mukak tempahan pakey kueh,9.03,20
sarawak-03-137,siapa,0.75,1
sarawak-03-138,aih ada orang di opis atas nun kitak maok ngorder agak jak,3.55,12
sarawak-03-139,nyaman kah sik,1.22,3
sarawak-03-140,ney lah kita tauk,0.86,4
sarawak-03-141,mun kitak maok orang beli ngan kitak pandey-pandey lah kitak ngelua modal tek polah lah sigek ka duak igek ka berik lah dengan orang sikit-sikit baruklah orang merasa,10.52,28
sarawak-03-142,yalah maok tempah awal lah persediaan kita tok nak raya,2.55,10
sarawak-03-143,kitak orang sik perlu lah kitak orang semua rami manusia di rumah ya pandey molah kek,4.83,16
sarawak-03-144,kamek molah dirikpun selalu bah,1.93,5
sarawak-03-145,nyalah tek kamek sik pernah molah kek zul kamek sik pandey,2.51,11
sarawak-03-146,belajar senang ajak,1.02,3
sarawak-03-147,kamek nang sik pandey ngepok telo pun aku sik pandey molah daging ku sik tauk semua kamek sik tauk yalah sik guna kamek tok kamek rasa kamek tok bukan pompuan yang hundred percent pompuan,12.62,34
sarawak-03-148,berik buku resepi ekot ajak,2.23,5
sarawak-03-149,sik pandey,0.65,2
sarawak-03-150,sikda susah,0.48,2
sarawak-03-151,malas sebenarnya malas,1.89,3
sarawak-03-152,yalah,0.37,1
sarawak-03-153,pasya nak mun hari raya nak molah mun camney cara kamek tauk sik sidak nya bertungkus lumus blakang ya molah barang makan apa semua nak kamek lari nait atas tido,8.93,30
sarawak-03-154,bukannya nak nolong,1.21,3
sarawak-03-155,aok malas kamek kamek sik suka macam rami orang biasalah kamek kan anak tunggal kamek sik suka rami-rami disebabkan kedak ya lah kamek jadi camtok hari raya kamek ada tugasnya adalah untuk molah menyapu-nyapu membersihkan rumah,15.46,36
sarawak-03-156,"at least kitak tek pandey ngemas rumah nak tauk hari raya kitak tek nak berkemas dudok nangga jak pun sik juak guna""",7.96,22
sarawak-03-157,yalah apa namanya tek mek rasa kamek nak beli kek nak paling nyaman lah sekali ngan mak mentua kamek lah mala jak madah camya tapi sik pernah beli,12.17,28
sarawak-03-158,mak mentua kitak molah kek nyaman sik,1.6,7
sarawak-03-159,pandey nya pandey molah kek,1.54,5
sarawak-03-160,oh,1.22,1
sarawak-03-161,banyak juak,0.7,2
sarawak-01-1,zul ada sik kitak nangga dalam astro nak chak-chak apa ntah,6.37,11
sarawak-01-2,pureen chak-chak ya kah,1.7,4
sarawak-01-3,aok rozita che wan ngan zain ya eh,1.76,8
sarawak-01-4,sik pernah kamek nangga,0.96,4
sarawak-01-5,ya allah sik kamek bukanlah nak nganok,2.53,7
sarawak-01-6,nakpa nak best nya,1.42,4
sarawak-01-7,sik kamek rasa macam semua benda pun nya perlu nak cover,4.31,11
sarawak-01-8,nya nak nunjok semua,0.97,4
sarawak-01-9,daripada perut nya kecik sampey perut nya besar lepas ya beranak ya juak rozita che wan tek bermekap setiap saat lah bermekap,10,22
sarawak-01-10,nama lah artis,1.32,3
sarawak-01-11,tauk lah kamek nya artis tek nak,1.4,7
sarawak-01-12,mesti maok kacak,1.32,3
sarawak-01-13,tapi macam kadang-kadang mun benda kedak ya bukan lah kita sik puas ati tapi macam meluat juak lah tapi rozita che wan ngan zain ya nya sik tauk apa-apa pun nya macam aok jak lah nak mun orang nyuroh nya gya gitok nak pasya tek nak kamek nangga juak lah benda-benda cam ya tek,15.26,54
sarawak-01-14,tapi nya nganok tapi nya maok nangga juak,2.55,8
sarawak-01-15,tangga jak lah apa yang seterusnya nak pasya tek nak semua sponsor lah daripada nya pegi jumpa doktor sampey nya pegi  apa nama nya tek  aqiqah,12.72,26
sarawak-01-16,aok aqiqah aqiqah anak ada juak ditunjok,2.98,7
sarawak-01-17,ya allah aqiqah nya eh tauk sik kambin seekok-ekok ya nak diengkah nya di atas ya macam benda ya macam kamek bukan lah sik setuju tapi nya menyebabkan orang tok  macam ney nak madah ngan kitak owh,12.28,37
sarawak-01-18,riak kah,0.88,2
sarawak-01-19,ya riak lah kamek rasa,2.02,5
sarawak-01-20,ngeso lah,2.02,2
sarawak-01-21,macam ya oh ney tek oh rozita che wan tek nak nya madah nya berpantang pasya nak pantang apa benda belum gik aku ngira waktu bila nya tek beranak nak empat puloh hari nya beranak belom empat puloh hari gik lalu pegi london nangga twitter nya  aih pegi london   camney nya boleh pegi london sedangkan nya tek berpantang,19.21,58
sarawak-01-22,ya duit dah dibrik astro banyak boleh jak lah pegi pantang sik pantang,4.3,13
sarawak-01-23,anak nya dapat job nangga ko anak baruk brapa umo brapa bulan dah dapat job pegi london sign kontrek oi,6.49,20
sarawak-01-24,orang kaya kin kaya jadinya,2.37,5
sarawak-01-25,apa nama pureen chak-chak tek pasya tauk sik kitak nk berkelaie ya eh nk si apa nama nya ya lara nak anak si,7.72,23
sarawak-01-26,oh anak scha ngan awal ya,1.76,6
sarawak-01-27,aok nya duak tok tek rasa macam sedih dan rasa kecik ati dengan astro sebab sik tauk lah kamek,6.93,19
sarawak-01-28,nya sik di lalek sik dapat,3.08,6
sarawak-01-29,orang membandingkan anak nya anak nya sik kacak anak si rozita che wan tek kacak padahal nemiak jak pun semua kiut nak,6.32,22
sarawak-01-30,siapa suroh ko beranak time sama juak ney ndak jadi giya,2.89,11
sarawak-01-31,siapa gik beranak seterusnya tek nak pakey engkah kat pureen chak-chak ya tek siapa gik kitak rasa ayu raudhah adik si rozita che wan tedah sik juak ada apa-apa nya ada kelua dalam majlis jak apa nama dalam program nama program ya majlis dalam astro nya macam setiap majlis yang ada dekat di malaysia yang melibatkan artis lah so nya masoklah dalam program ya,28.52,64
sarawak-01-32,apa jak yang dimain program ya nya ngeso apa,2.98,9
sarawak-01-33,ngeso majlis eh macam ney orang mengendalikan majlis,3.16,8
sarawak-01-34,macam majlis dak aqiqah semua yakah,1.4,6
sarawak-01-35,sik kisah tapi kesian juak lah ayu raudhah tek sik lah glamor gilak tek nak sikda masok pureen chak-chak,4.83,19
sarawak-01-36,ney dapat lawan kakaknya,1.22,4
sarawak-01-37,aok lah tek mun siti nurhaliza gney ndak kah owh bukannya pureen chak-chak gik dolok start daripada erra fazira zaman dolok start daripada erra fazira ingat kitak  apa namanya tek,10.27,30
sarawak-01-38,aok kakya sik giney-giney nak cerei juak ujong-ujongnya kesian juak nangga miak ya dipolah nya macam ya,6.05,17
sarawak-01-39,kakya sedih nangga nak recording sidak beranak dolok-dolok,6.54,8
sarawak-01-40,aok eh mun nya nangga dirik pun balit nangga benda ya pun daknya rasa macam “kenak aku molah benda ya dolok owh” mesti nya ada rasa nyesal juak bah,7.82,29
sarawak-01-41,aok eh pasya kitak tauk sik rozita che wan nak madah nya nak beranak agik,3.6,15
sarawak-01-42,gik dapat kah umo dah brapa,2.45,6
sarawak-01-43,sik nya nak branak terus nya sik akan makan apa-apa gik terus beranak kerana tek zain tek maok anak duak orang,7.55,21
sarawak-01-44,anak nya sebelum tok brapa orang owh,1.84,7
sarawak-01-45,duak laki duak-duak skarang tok pompuan tek nak si zain maok anak lagik,4.74,13
sarawak-01-46,owh sorang agik lah,1.75,4
sarawak-01-47,ya lah tek,0.97,3
sarawak-01-48,sik hal mun duit banyak beranak rami pun sikdahal,2.54,9
sarawak-01-49,eh tapi nya kacak nya ngacak diriknya,3.86,7
sarawak-01-50,tapi risiko tinggi bah mun rozita che wan ya beranak gik,3.86,11
sarawak-01-51,tapi kamek heran camney mun rozita che wan beranak nak nya normal birth macam deliver baby dengan secara normal,9.74,19
sarawak-01-52,sik tauk juak eh kali tenaga nya gik ada kali untuk nolak baby ya kali,5.52,15
sarawak-01-53,yalah kamek pelik apa kamek ber ceaser ndah owh pas ya nak lekat-lekat pa semua apa kamek sikda pun kedak ya kamek gik mudak bah,10.35,25
sarawak-01-54,rozita che wan mudak gik dari kitak kali,1.85,8
sarawak-01-55,haha yah apa namanya tek apa kata nat tek tunang kitak tek nak rozita che wan sik boleh melintas parit,9.12,20
sarawak-01-56,aok sik boleh melintas parit,1.23,5
sarawak-01-57,pahal ah,1.75,2
sarawak-01-58,pantang nya nya sik maok udara kotor dari parit ya bah,3.08,11
sarawak-01-59,sak nya kacak lah,1.57,4
sarawak-01-60,ya nya maintain kacak ya,2.37,5
sarawak-01-61,mena kah,0.94,2
sarawak-01-62,laki nya untong nak,2.38,4
sarawak-01-63,tapi kita tok still human semua orang sama jak ya pantang apa entah kamek pun sik tauk,7.63,17
sarawak-01-64,lain orang lain cara pantangnya lebih-lebih gik dah zaman moden tok pantang orang sik kedak dolok,7.37,16
sarawak-01-65,yalah tek pas ya nangga nya berpantang tek nak nya engkah tungku-tungku ya pa suma tapi muka bermekap camney gaya nya,8.16,21
sarawak-01-66,endak lah mek tauk pelik juak owh,1.31,7
sarawak-01-67,rozita che wan madah camtok dalam twitter ka apa kah nya madah orang tek nanyak “bukan pantang ka kenak kau berik anak minum susu formula kenak sik berik breastfeeding ”,15.88,30
sarawak-01-68,aok nya sik berik susu ibu,0.88,6
sarawak-01-69,orang ya tek bodo juak sik kan lah masa tengah pureen chak-chak tek nya tengah mukak baju pasya nak berik nenen nak,8.42,22
sarawak-01-70,aok eh,0.53,2
sarawak-01-71,ya pun bodo juak satu,1.58,5
sarawak-01-72,mun sik nya ngepam lah dolok ngepam susu ibu dolok engkah dalam botol,4.91,13
sarawak-01-73,ya lah dipadah oleh rozita che wan,1.06,7
sarawak-01-74,sik lah orang lalu nak berik susu formula nak,2.28,9
sarawak-01-75,aok eh pelik dapat kah nya nangga dengan mata kasar susu formula dengan susu ibu,4.52,15
sarawak-01-76,aok penauk juak orang penonton tok,2.36,6
sarawak-01-77,yalah over ya lah tek,1.58,5
sarawak-01-78,dah ya apa gik ditunjok rancangan ya tek dah abis kah rancangan ya,2.9,13
sarawak-01-79,dah abis dah sebab nya aqiqah lah last,3.16,8
sarawak-01-80,oh aqiqah last abislah sikda apa-apa gik,2.72,7
sarawak-01-81,ada nangga baju nya,1.01,4
sarawak-01-82,sikda koh kamek nang sikda nangga rancangan ya,2.32,8
sarawak-01-83,instagram si rozita che wan ya baju nya lok baju nya nang kacak tapi nya nang gemok lah sekpat padah apa gik,6.23,22
sarawak-01-84,badan orang baruk lekak beranak,1.14,5
sarawak-01-85,rizman ruzaini molah bajunya nang gossip mena taduak tok owh suk kita duak ngan rozita che wan okay kitak tauk sik rozita che wan dah sikda gik ngan safi rania gold,9.03,31
sarawak-01-86,safi rania,1.06,2
sarawak-01-87,sekda,0.62,1
sarawak-01-88,apalah dipakey nya kinek tok,1.23,5
sarawak-01-89,sik lah kamek tauk apa dipakeynya tapi kitak tauk siapa tekak lok siapa,5.17,13
sarawak-01-90,siapa ney lah kamek tauk,1.58,5
sarawak-01-91,tunang kitak sangat meminatinya,1.58,4
sarawak-01-92,siapa,0.7,1
sarawak-01-93,apa nama ompuan ya tek owh,3.33,6
sarawak-01-94,kamek sik tauk namanya,1.23,4
sarawak-01-95,muka nya kacak nora danish,2.02,5
sarawak-01-96,oh nora danish oh patutlah kamek nangga instagram nya tadik ada safi rania gold,5.53,14
sarawak-01-97,buat pengetahuan kitak kamek membeli semua benda nya bukan sebab rozita che wan ataupun nora danish tapi kamek rasa macam,7.67,20
sarawak-01-98,kitak ingin mok jadi artis juak kali,1.49,7
sarawak-01-99,kamek rasalah tapi apa boleh buat kamek tok kerja kat tempat lain tek nak nak jadi penyanyi sikda orang lalek agik camney nak jadi penyanyi academician sik boleh menyanyi pasya tek pasya beli lah kamek yalah kamek gembira tek paduhal tek kamek sama level dengan nora danish sik kan ada rania gold rania diamond pasya diamond ya kan ziana zain,25.71,60
sarawak-01-100,owh ziana zain tek ada juak,2.28,6
sarawak-01-101,ya kamek pelik camney range orang makey diamond maksud nya mudak agik daripada rozita che wan,5.09,16
sarawak-01-102,diamond untuk orang tua kali nak,2.1,6
sarawak-01-103,ziana zain tua gik daripada rozita che wan kah,1.85,9
sarawak-01-104,mesti lah,1.49,2
sarawak-01-105,ya kah,0.62,2
sarawak-01-106,ziana zain anak dah brapa orang dah lima orang kah anaknya nak,3.76,12
sarawak-01-107,mena ka oh,1.5,3
sarawak-01-108,ziana zain tua gik,1.84,4
sarawak-01-109,"so gold adalah middle lah tek tengah-tengah lah tek""",3.07,9
sarawak-01-110,kali juak diamond atas gik dari gold bah mun kitak nangga susunannya mesti permata dolok baruk gold emas nak lepas permata baruk emas,9.56,23
sarawak-01-111,oh,0.62,1
sarawak-01-112,"so permata lah paling tua lah kononnya""",2.89,7
sarawak-01-113,"mummy gago juak makey kamek pun ya kamek madah ngannya “mi kitak maok jadi ziana zain kah kitak maok jadi rozita che wan mun kitak nak jadi rozita che wan kitak pakey gold mun kitak nak jadi ziana zain kitak pakey diamond”""",12.11,42
sarawak-01-114,bedal ajak mummy pakey ajak semua,3.07,6
sarawak-01-115,tauk sik kitak nya macam bertapok,6.05,6
sarawak-01-116,bertapok apa,1.14,2
sarawak-01-117,nya ambik pencuci muka kamek cayak sik kitak nya tek nak makey padahlah kita tek nak makey nak boh lah betapok-tapok nak tekan jak lah sia sikda lah kamek kisah pun tapi yalah tek berbalik kepada crita kita tadik nak rozita che wan crita kita tek owh,12.2,47
sarawak-01-118,aok melelat dah ke nak ya tek kotan makey safi rania tek nak,4.21,13
sarawak-01-119,aok lah tek sik tauk lah kamek kinek tok mun si sekali nangga tek lalu buntin gik nangga kitak instagram nya kelak ada pregnancy test lalu ada engkah nak ada double line,9,32
sarawak-01-120,dah nya maok branak cepat gik nak,1.84,7
sarawak-01-121,ndak ku brani,1.14,3
sarawak-01-122,nya takut bah takut nya menopos orang dah berumur yalah maok cepat-cepat,6.93,12
sarawak-01-123,apa disuka gilak orang dengan rozita che wan ya,2.81,9
sarawak-01-124,sebab nya kacak ajak sebab yalah orang suka,2.1,8
sarawak-01-125,kacak kah nya,0.71,3
sarawak-01-126,badannya kacak figure nya ada bentuk badannya,3.59,7
sarawak-01-127,tapi nya dah gemok,1.14,4
sarawak-01-128,yalah dah beranak gemok lah nya klak kitak nangga nya jaga badannya gik macam ney tapi sempat ndak kah nya nak nyaga badannya mun nya dah nak branak gik owh,9.22,30
sarawak-01-129,yalah tek sapa nama nya,3.59,5
sarawak-01-130,astro tok pun macam-macam juak lah ambik rancangannya tapi nya tauk orang maok nangga,4.04,14
sarawak-01-131,rancangan pureen chak-chak eh kitak tauk sik nya ambik recording ya dekat atas katil pasya tek nak si zain tek gurin kedak apa jak atas ya perlu kah ko ambik scene ya,11.32,32
sarawak-01-132,romantik lah tek,1.58,3
sarawak-01-133,ya lah tek,0.57,3
sarawak-01-134,ya lah,0.48,2
sarawak-00-1,zul ada sik kitak nangga dalam facebook pasal qz8501 ya eh,4.76,11
sarawak-00-2,ada kamek nengar terkejut kamek nengar ari ya koh,2.28,9
sarawak-00-3,ya allah kitak nengar dari sapa,2.13,6
sarawak-00-4,kamek bangun-bangun tido hari ahad ya lalu kamek tek turunlah dibah ingat tek nak breakfast tek sekali mek turun-turun dibah tek tangga mek tv apa benda tok ada belon ilang agik tok ingat tek macam tek ingat tek orang main-main bulak-bulak ajak sekali nangga tek aih bila check mek balit tangga mek dalam twitter tangga mek dalam facebook aih orang madah mena paduhal ne ndak macam san juaklah nyawa nengar mula-mula benda ya,24.2,73
sarawak-00-5,kamek eh tedah eh dahlah kita ada mh370 yang ilang-ilang sik datang ya,6.08,13
sarawak-00-6,sampe kinek tok sik temu,1.3,5
sarawak-00-7,lepas ya mh17 kenak tembak orang o tedah pasya kinek tok qz8501 dah lah air asia nasib bait lah air asia ya indon mpun tapi sama juaklah namanya datangnya dari sine mestilah dari malaysia,12.12,34
sarawak-00-8,dari malaysia juak,0.56,3
sarawak-00-9,"brand nya malaysian pun bah pasya tek nak  apa namanya tek  berapa orang tek seratus brapa""",8.06,16
sarawak-00-10,sik pasti juak kamek brapa orang,0.88,6
sarawak-00-11,166 orang,1.46,2
sarawak-00-12,orang malaysia ada juak lam ya,1.53,6
sarawak-00-13,sorang jak tapi sebenarnya nak orang malaysia ya bukan orang malaysia pun kamek nangga siapa kah madah dalam meletop crita dalam meletop nak nya madah orang tok tek nya ada bapak dengan anak bapa nya singaporean anak nya malaysian ok lepas ya emaknya indon dua orang daknya tek empat nak pegi ke singapore pasya empat orang tok dua orang-mak ngan anak pompuan bapak ngan anak laki pasya flight lain-lain,35.81,69
sarawak-00-14,belon lain-lain,2.16,2
sarawak-00-15,lepas ya so termasuk skali lah malaysian sorang tek singapore sorang yalah duak orang tek nya bukan eh singapore ka singapore ka uk oh tapi yang penting nya bukan orang indon lah yang malaysian ya bukan orang malaysia yang tulen lah pasya kitak ada nangga sik gambar ya allah astagfirullahalazim,18.75,50
sarawak-00-16,yalah kamek sik rajin nak nangga facebook sian mek nangga,2.72,10
sarawak-00-17,kitak tauk sik nya mpun muka nak tengkorak jak,3.81,9
sarawak-00-18,aih,0.53,1
sarawak-00-19,pasya aok mena-mena tengkorak muka nampak tengkorak disiarkan oleh berita vietnam camney facebook boleh nak,6.52,15
sarawak-00-20,siney daknya roleh nakya mayat ambik dari laut ya kah,3.53,10
sarawak-00-21,ya eh kitak tauk sik nya ngambik camne nya ambik mayat kedak nya ngambik ikan eh angkat tarit pegi atas,7.41,20
sarawak-00-22,memang isi dah habis di makan ikan ya kali,1.21,9
sarawak-00-23,sikda,0.89,1
sarawak-00-24,ya tinggal tengkorak jak ya,0.19,5
sarawak-00-25,isi badan ok muka jak,2.46,5
sarawak-00-26,muka nya sikda,0.83,3
sarawak-00-27,pasya kesian nang kesian lah tapi macam ibohlah kita sampe engkah benda macam ya dalam facebook nak,4.21,17
sarawak-00-28,aok ndaklah mek mok nangga sikda selera mek makan klak,2.59,10
sarawak-00-29,kamek nangga jaklah apa benda ya semua pasya tek ada sigek gik tiga orang family tiga tiga family ya se family lah tok sorang kanak-kanak ompuan palak sikda kaki sikda badan jak ada,11.72,33
sarawak-00-30,aih aduh,1.2,2
sarawak-00-31,pasya mak bapaknya ada ada badan,4.03,6
sarawak-00-32,tapi dapat juak dikenalpasti tek owh,2.49,6
sarawak-00-33,dapatlah nya menggunakan gigi dan rambut sik apat kitak nak nguna muka ne ada muka agik ne nampak muka agik dah lepas ya tek nak apa tek o knek tok dah di stop qz8501,12.59,34
sarawak-00-34,owh dah di stop owh,0.62,5
sarawak-00-35,brapa bulan owh masa ya owh brapa minggu jak owh,3.23,10
sarawak-00-36,lamak juak lah nak sik brasa bah,1.37,7
sarawak-00-37,sebulan,1.16,1
sarawak-00-38,ada kali lebih sebulan kali nak owh,2.2,7
sarawak-00-39,tedah owh nangga cdaknya o ya lah pasya nakkahlah faizul pegi nak sibu ariya tek nak nya madah eh dalam masa setengah jam ya eh nya rasa nya nak mati sebab belon macam kedak orang kedak belon nak macam terhoyong hayang,12.68,41
sarawak-00-40,terhoyong hayang ya,0.66,3
sarawak-00-41,aok nang gila pun nak ya eh sebab kan hari hari ujan pegi hantar nya ya pasya mummy kamek sebelum nak qz ya nakkah nya pegi miri,8.24,27
sarawak-00-42,aok,0.42,1
sarawak-00-43,pegi miri ke kuching,0.59,4
sarawak-00-44,aok mummy pegi miri riya owhh,0.91,6
sarawak-00-45,kitak tauk sik mummy madah nya nak aunty kamek eh cik aton kamek eh sampe madah camtok aku sik dapat gik nak berselawat aku mikir ap insurans”,9.8,27
sarawak-00-46,aduh,0.23,1
sarawak-00-47,“insurans ku sapa yang paling kaya anak ku anak ku duak orang ya laki ku kaya lah sidak tok dapat insurans ku” ya dipikirnya,7.25,24
sarawak-00-48,ya dipikirnya nya lok,0.16,4
sarawak-00-49,bukannya nak beristighfar ka apakah mummy dah kecut dah pasya tek nak bila dah sampe rumah eh lalu nak aiman nak anak cik aton ya nak madah “kamek sik akan nait belon agik” masa ya nakkah masa ribut topan melanda ya,12.14,41
sarawak-00-50,aok nya sik mok nait belon agik ya nak belon qz nak dah ditemu ya black box nya ada nak kotak hitam ya nak,6.73,24
sarawak-00-51,ada tapi sidaknya madah nya macam turn macam berpusin aok berpusin pas ya eh no nya nait dengan keadaan sangat mendadak kelajuannya sangat tinggi pasya nya turun pup gugok terus,12.72,30
sarawak-00-52,owh sikda papa rakaman kah kotak itam ya sora-sora orang ka apa,5.71,12
sarawak-00-53,nya sik nya madah camtok indonesia ya nya madah,3.22,9
sarawak-00-54,adam air,0.7,2
sarawak-00-55,mh17 ya nakkah ada,2.21,4
sarawak-00-56,ada nya sia kah,0.86,4
sarawak-00-57,mh17 nakkah ada sora,1.64,4
sarawak-00-58,bena kah,0.66,2
sarawak-00-59,mh370 hilang sik eh,1.34,4
sarawak-00-60,kitak pernah nengar kah,0.54,4
sarawak-00-61,sik mh370 nak ya jak owh ya nak dari stesen kawalan ajak,4.13,12
sarawak-00-62,aok kitak pernah nengar kah mh17 ya sikda nak daknya sik akan menyiarkan benda-benda camya bah,4.39,16
sarawak-00-63,aok yalah tek,1.23,3
sarawak-00-64,apa nama nya tek  bila keadaan macam tok nak lalu tetiba kitak nengar nak ada brita nak madah nak ya lah landing sigek kaki lah,8.43,25
sarawak-00-65,biasalah ya lalu lah,1.92,4
sarawak-00-66,aok kamek pelik owh kenak macam ya macam pilot macam takut jak aok apahal kah,4.09,15
sarawak-00-67,sikit jak benda lalu semua orang kecoh lepas tok,3.22,9
sarawak-00-68,eh ada jet jet ada nangga sik jet jet sepuloh orang maut,4.6,12
sarawak-00-69,ah,0.26,1
sarawak-00-70,ff16 kah nak orang training ya bah cdak training sik tauk lah kamek dari siney tapi nya tegugok sepuloh orang dalam ya maut,8.66,23
sarawak-00-71,aduh,0.46,1
sarawak-00-72,aok,0.52,1
sarawak-00-73,cdak apa training,1.44,3
sarawak-00-74,ya macam tentera sidak bah kali tapi ya  orang nak ya lah   orang di negara luar lah,9.14,17
sarawak-00-75,yalah kita nangga kinek tok eh mala jak kes gya owh lekak sigek sigek jak kita turun kerja pun orang sentiasa bercerita hal belon ya semua orang maok tauk update bah,11.04,31
sarawak-00-76,pasya nak kitak tauk sik cdak nak disebabkan qz ya tek eh cdak indonesia nak nya mok kurangkan flight penerbangan untuk nakya penerbangan murah nya sik maok agik ya nya akan abolish,17.26,32
sarawak-00-77,kenak nya tujuannya ngurang penerbangan murah kenak,2.29,7
sarawak-00-78,nya rasa sik selamat,2.05,4
sarawak-00-79,mun murah sik selamat mun mahal selamat lah,1.72,8
sarawak-00-80,selamat lah kamek pun sik tauk pas ya tek semua orang indon,2.27,12
sarawak-00-81,dah namanya ajal,1.23,3
sarawak-00-82,lalulah sidak nya tek kenak interview tek nak lalu cdak indon madah camtok “manalah kami mau cari duit” nya madah camya nak “tambang mahal-mahal” daknya kan cdak pegi malaysia selalu pa suma ya,10.51,33
sarawak-00-83,aok aok nang jak sidak nya nang,2.37,7
sarawak-00-84,ya benda dah berlaku bah ya takdir gney nak molah sik apat angkat pun nak qz ya kitak tauk sik ktk tali belon eh pecah sik apat angkat benda ya benda ya terlalu dalam,10.11,34
sarawak-00-85,owh dalam gilak,1.07,3
sarawak-00-86,kitak tauk sik mayat-mayat nak dalam ya memang ada terperangkap nya enam puloh lebih orang jak dapat bah kinek tok setakat tok lah yang lain-lain ya biar jak lah,6.85,29
sarawak-00-87,aok,0.31,1
sarawak-00-88,dan mufti sidak nya pun madah biarkan ajak,2.81,8
sarawak-00-89,"stop jak lah dah sik pat ambik""",1.36,7
sarawak-00-90,sikboh sik sik sik boh diambik sik boh nak dikubo benda ya dah sikda lagik,2.53,15
sarawak-00-91,kubo nya lah ditanah ya lah kubo nya lah di laut ya kubo nya lah,4.76,15
sarawak-00-92,jaik ati dengan orang lain ya owh,1.33,7
sarawak-00-93,ya lah tapi sedih lah dengan keluarga nya yang macam berharap maok dapat balit mayat sidaknya boleh molah boleh dikubo nak aa ya dimaok daknya ada tempat pakey sidak ngabas mun dah dikubo mun sik di kubo apa nk diabas kita aa yalah,17.93,43
sarawak-00-94,kitak ada pegi cney-cney gik ka pakey aeroplane eh pakey belon,5.43,11
sarawak-00-95,sikda koh belom kamek tok fikir nak travel lagik takut nyawa nenga kita pun takut nenga belon camya,7.59,18
sarawak-00-96,tapi ya jak lah paling cepat pun nak pegi pasya apa nama nya tek makey belon nak pegi kl,9.17,19
sarawak-00-97,mula-mula dolok orang segal kes malaysia airlines orang nait air asia,4.97,11
sarawak-00-98,aok eh,0.41,2
sarawak-00-99,tok dah air asia agik orang nak nait belon apa gik,3.58,11
sarawak-00-100,terpaksalah nak,1.11,2
sarawak-00-101,terpaksalah gney-gney pun doa tawakal ajak,2.49,6
sarawak-00-102,sik kan lah kita nak pakey kapal pegi ke jeddah pakey kapal,2.62,12
sarawak-00-103,mun key kapal tenggelam arus laut gik,2.3,7
sarawak-00-104,aok sama juak,0.44,3
sarawak-00-105,ombak laut gik kita,1.37,4
sarawak-00-106,dekat jalan raya pun mun kita dah nak mati ajal kita tiba mati juak nak,3.51,15
sarawak-00-107,ya lah,1.31,2
sarawak-00-108,apa nama ya tek kamek ari bila owh hari marek kamek pegi apa namanya,10.52,14
sarawak-00-109,"airport""",0.3,1
sarawak-00-110,lapangan terbang aok airport pegi sia tapi sik rami lah orang kamek rasa macam,4.69,14
sarawak-00-111,dah sik laku gilak kali orang nait belon time tok,2.09,10
sarawak-00-112,macam orang yang penting jak pegi ko mun sik penting sik payah pegi vacation,3.63,14
sarawak-00-113,hmm,0.16,1
sarawak-00-114,camya lah mummy madah pahal orang sikit owh mena sik banyak orang bah,4.39,13
sarawak-00-115,banyak orang postpone nak ya belon kali,2.49,7
sarawak-00-116,mena kah boleh postpone kah,1.88,5
sarawak-00-117,boleh asal ada duit boleh ajak postpone asal sidak nya rasa dah daknya sidak rasa nak nait belon dolok sik nya maok pegi dolok bukan kitak sik tauk penerbangan murah orang suka beli tiket awal bah,11.49,36
sarawak-00-118,yang si razip ya dolok pegi ke maldives ya apa benda orang pegi mh370 tiba-tiba nya dapat tiket murah pegi maldives gila eh maok juak nak pegi owh eh pegi nak hari ya nak,9.87,34
sarawak-00-119,pegi nya ya untong lah reya,1.27,6
sarawak-00-120,apa ditemunya di maldives ya,1.44,5
sarawak-00-121,raon rilek-rilek ajak tapi yala laut,2.54,6
sarawak-00-122,owh,0.97,1
sarawak-00-123,pulau,0.49,1
sarawak-00-124,sekali nangga nemu mh370 sia kamek rasa nak mh370 ya memang nya dah gugok pun dekat pulau,8.31,17
sarawak-00-125,kita sik tauk ya gik masih misteri kinek tok nang sampey kinek tok sik tauk apa-apa,3.51,16
sarawak-00-126,nya memang gugok lepas ya nya gugok dalam kedalaman yang sangat dalam and sik dapat di detect agik gya lah sebenarnya kita sikpat nak ngarapnya disimpan oleh kerajaan u s apa semua sekda kamek rasa sik mungkin lah benda-benda camya banyak gik benda lain,17.2,44
sarawak-00-127,mun nya nak nyimpan pun lamak gilak dah nya nyimpan ya,2.31,11
sarawak-00-128,untuk apa,0.72,2
sarawak-00-129,yalah,0.27,1
sarawak-00-130,kakya nya nk merik makan orang ya gik,1.37,8
sarawak-00-131,aok,0.8,1
sarawak-00-132,camney sik kan nya nak nyuroh orang ya mati nak sik mungkin lah,2.74,13
sarawak-00-133,sikda macam-macam juak teori orang ada orang madah ilang di angkasa lah apa lah,5.87,14
sarawak-00-134,ya cerita bodoh-bodoh jak ya sik perlu di nak ya,5.09,10
sarawak-00-135,yalah kesian nangga owh bayangkan mun kita kah dalam ya ahli keluarga kita kah dalam belon ya,5.74,17
sarawak-00-136,ya allah ndak lah kamek tauk,2.04,6
sarawak-04-1,zul ney mek nenga adik kitak tek dah beranak,3.65,9
sarawak-04-2,aok baruk jak baruk ari marek,1.88,6
sarawak-04-3,edeh brapa kilo nya tek zul,2.69,6
sarawak-04-4,tiga point kosong sembilan kilo,3.14,5
sarawak-04-5,ah ee besar eh,1.21,4
sarawak-04-6,aok besar kah,0.35,3
sarawak-04-7,tapi nya full tapi nya nang sembilan bulan lah,3.25,9
sarawak-04-8,aok nang nang cun-cun sembilan bulan lebih sehari sebenarnya,2.97,9
sarawak-04-9,oh tapi selalunya mun anak pertama nya akan sama ada nya cepat ataupun nya lambat,7.39,15
sarawak-04-10,hmm nya mun diekot due date nya nya terlebih sehari dari due date nya,5.79,14
sarawak-04-11,ya okay lah ya,1.53,4
sarawak-04-12,yalah tek,0.79,2
sarawak-04-13,nya macam ney nya sikda rasa sakit ndah apa,3.11,9
sarawak-04-14,pukul ada nya rasa sakit pukul limak pukul limak pagi tiba-tiba “pup ” nya madah aok aek ketuban nya pecah,9.9,20
sarawak-04-15,macam berbunyi kah,1.06,3
sarawak-04-16,aok ada bunyi,0.72,3
sarawak-04-17,wah,0.41,1
sarawak-04-18,tapi sikit ajak lah sikda lah macam,1.79,7
sarawak-04-19,macam terkemeh lah,0.93,3
sarawak-04-20,aok nya macam sikit ajak,1.12,5
sarawak-04-21,takut eh,0.3,2
sarawak-04-22,aek sikit ajak aok lepas ya tek,1.7,7
sarawak-04-23,sakit lah,0.94,2
sarawak-04-24,belum sakit gik macam ilek-ilek jak nya,1.61,7
sarawak-04-25,pelik eh aok,0.98,3
sarawak-04-26,macam gik ilek-ilek gik mamai-mamai bangun tido kakya tek pergi lah ke normah tek dah pergi ke normah tek lepas ya tek pukul tujoh baruk nya start rasa macam perut nya sakit,14.44,32
sarawak-04-27,pukul tujoh pagi,1.06,3
sarawak-04-28,tujoh pagi baruk nya start rasa sakit perutnya lepas ya tek pukul tujoh ya tek tunggu lah yalah adik mek lalu kamboh juak di sia,9.43,25
sarawak-04-29,apa namanya ompuan ka laki,2.71,5
sarawak-04-30,"baby pompuan""",1.47,2
sarawak-04-31,yarabbi,0.93,1
sarawak-04-32,pukul sepuloh pagi nya lahir,1.61,5
sarawak-04-33,o tedah nakya pa nama adik kitak nombor duak kitak dah jadi uncle lah tek,5.65,15
sarawak-04-34,aok nang lah,1.79,3
sarawak-04-35,mesti mak kitak gembira nak,1.99,5
sarawak-04-36,aok nya cucuk nya,1.3,4
sarawak-04-37,o tedah,0.35,2
sarawak-04-38,dah orang dapat cucuk ney ndak gembira,1.44,7
sarawak-04-39,cucuk pertama nunggu kitak lambat gilak malas nak berbini,5.09,9
sarawak-04-40,eh orang gik enjoy,1.53,4
sarawak-04-41,yalah tek apa namanya macam apa nama nya ya tek miera eh munirah,5.64,13
sarawak-04-42,munirah adik ipar kamek,1.54,4
sarawak-04-43,aok nya macam senang jak beranak owh macam kamek dolok susah lalu nak beranak anak pertama nak kitak tauk sik kamek pegi kat klinik ya tiba-tiba nya madah aek ketuban kamek sangat sikit dan takut nya lemas nya bukak jalan ya allah bukak jalan ya macam nya mengoyakkan aek apa ketuban ya nak,19.31,53
sarawak-04-44,aok,0.69,1
sarawak-04-45,nya pun salur ya nya bukak kan sikit nya guna apa tauk knife nya guna pisau,5.06,16
sarawak-04-46,nya guna pisok,0.62,3
sarawak-04-47,aok pisok macam kedak orang gila kamek rasa kamek macam kedak orang disayat hidup-hidup disayat disayat hidup-hidup faham tak,6.44,19
sarawak-04-48,aok,0.71,1
sarawak-04-49,pas ya tek nak pasya kamek tek “ahh ” kamek madah camya nak pasya balit ya kamek bergegar-gegar berdarah-darah jak,7.02,20
sarawak-04-50,aok,0.37,1
sarawak-04-51,kamek disurohnya balit,0.71,3
sarawak-04-52,disuroh balit lepas ya,1.46,4
sarawak-04-53,balit pasya ambik baju pasya datang gik ke hospital,1.98,9
sarawak-04-54,pelik juak sik di sik di admit terus,3.11,8
sarawak-04-55,sik sebab mek sikda ambik baju,1.83,6
sarawak-04-56,mek nangga adik ipar kamek syukur alhamdulillah senang ajak nya mek nanyak ngan nya gney rasa tek beranak tek nya madah waktu contraction jak sakit katanya lepas ya sekda pa pa gik tanyak mek nganny ”kitak makey epidural kah ” sikda nya makey aih bagus juak tek,16.15,47
sarawak-04-57,kamek dolok bodoh sekali mintak epidural indah apa tek konok pandey gilak blaja epidural ya pakey nahan sakit tek nak aok “ada tok ah tanggong risiko dirik pun ah” kata doktor tek nak “aok tanggonglah ” kata kamek tek nak tanggong-tanggong sekali nangga aku yarabi kamek gik ilek jak,15.15,49
sarawak-04-58,sikda rasa,0.69,2
sarawak-04-59,epidural ya sangat menenangkan jiwa kamek pasya tiba-tiba student datang empat orang dari nak kah di hukm nak so student ya madah “kitak beranak kitak di siney ” “owh kamek lecturer dekat unimas ” lalu berkelaka hal ya ndah bodo sik,12.69,41
sarawak-04-60,aok,0.64,1
sarawak-04-61,macam sikda perasaan kamek nak beranak padahal kamek pun aek ketuban ya dah sikda,2.98,14
sarawak-04-62,sebenarnya tengah sakit,1.76,3
sarawak-04-63,sik nya sik sakit padahal contraction nya sangat kuat tapi kamek sik push pun,4.86,14
sarawak-04-64,sebab kitak sikda rasa apa-apa ney dapat nak push,2.34,9
sarawak-04-65,tapi akhirnya arifah jadi kedak biru lah tek mukanya,5.34,9
sarawak-04-66,aok nak lemas,1.44,3
sarawak-04-67,aok masok icu lah dalam masa tujoh hari,3.35,8
sarawak-04-68,aok,0.12,1
sarawak-04-69,yalah kamek macam rasa beranak tok satu benda yang rasa,6.33,10
sarawak-04-70,susah nak,0.16,2
sarawak-04-71,menjadi tekanan kepada hidup kamek,1.86,5
sarawak-04-72,aok,0.18,1
sarawak-04-73,rasa kedak ya lah apa nama,2.19,6
sarawak-04-74,ney apabila kita nenga orang lain beranak tang senang jak nak owh,3.2,12
sarawak-04-75,yalah macam kamek beranak nombor duak agik terok scissor lagik ya,4.01,11
sarawak-04-76,aok,0.56,1
sarawak-04-77,ya lagik songsang mala jak pegi ke bidan mala musin-musin perut,4.65,11
sarawak-04-78,sik juak dapat,0.75,3
sarawak-04-79,sik juak dapat dipusin-pusin nya tapak tapak atas  apa nama ya  atas perut kita eh tapak ya dipusin bukannya pusin perut nya,8.93,22
sarawak-04-80,aok,0.14,1
sarawak-04-81,nya musin tapak konok-konok nya tek baby ya ngekot tapak,3.24,10
sarawak-04-82,aok,0.27,1
sarawak-04-83,ada coba kitak madah ngan kamek coba kitak menjelaskan ngan kamek,3.2,11
sarawak-04-84,ney kamek tauk kamek bukan orang bidan,2.71,7
sarawak-04-85,kah macam bayang-bayang kan orang madah baby kita dapat nangga bayang-bayang,4.72,11
sarawak-04-86,sik tauk eh sik tauk kamek hal benda-benda camya,2.06,9
sarawak-04-87,macam magic jak nak owh,1.04,5
sarawak-04-88,hmm tapi yalah orang tua dolok-dolok selalu madah nang ada juak gya,3.86,12
sarawak-04-89,yalah pa namanya tek sik tauk lah kamek bila kamek nak beranak gik,6.23,13
sarawak-04-90,tapi yalah tek ha baby ya tek kenak kunin,3.11,9
sarawak-04-91,ya allah anta lah kat hospital,2.72,6
sarawak-04-92,aok lah tengah admit hospital gik masih di hospital lah nya di hospital ajak sampey kunin nya turun sian juak nangga nya,6.79,22
sarawak-04-93,kenak kitak x berik nya aek anggur hijau,2.68,8
sarawak-04-94,aok,0.29,1
sarawak-04-95,berik kitak engkah cap-cap ke mulutnya mena aek anggur hija surohlah bapak kitak beli,4.81,14
sarawak-04-96,ada orang madah,0.77,3
sarawak-04-97,aek susu kambing yang fresh belilah,3.76,6
sarawak-04-98,ya juak lah orang madah tapi paling bagus susu ibu sebenarnya nak,2.49,12
sarawak-04-99,sepatutnya tapi susu ibu mun dapat jangan makan apa-apa jamu dolok lah,4.39,12
sarawak-04-100,yalah,0.68,1
sarawak-04-101,minum aek periok boleh kitak maok aek periok ka kamek ada aek periok di rumah,3.23,15
sarawak-04-102,ya mek sik tauk kamek rasa dah ada semua benda dirumah,1.36,11
sarawak-04-103,kenak mak kitak dah beli belom,1.75,6
sarawak-04-104,kamek rasa dah ada semua dah sebab mek ada nangga cuma mak kamek sik suroh nya minum dolok,4.74,18
sarawak-04-105,jangan dolok aok aok,0.35,4
sarawak-04-106,takut kenak baby bah,1.06,4
sarawak-04-107,kunin bah sebab nya jamu bah nya sik tauk lah apa kaitan jamu dengan jaundis,5.88,15
sarawak-04-108,mestilah kali nya mbak effect bah keluar dalam susu nya diminum gik baby kelak lain gik jadinya,6.72,17
sarawak-04-109,tapi ya allah rasa kepak lah nyawanya kelak,3.3,8
sarawak-04-110,hmm,0.26,1
sarawak-04-111,kitak akan nangga nya sentiasa ber dengan tola ngan aek susu melimpah-limpah,5.65,12
sarawak-04-112,sik banyak glak susunya,0.89,4
sarawak-04-113,sik nya nang macam ya kamek dolok eh first day kamek nakya nang sikda aek langsung tapi kitak kenak tune otak kitak mikey kitak ada baby bah,10.29,27
sarawak-04-114,aok,0.46,1
sarawak-04-115,pasya bila kitak nenga baby ya nangis automatically kitak pun otak akan synchronise dengan semua ya and akan keluarkan susu ibu lah,8.15,22
sarawak-04-116,aok,1.31,1
sarawak-04-117,ya yang penting nya mesti ada bonding nya bah,3.56,9
sarawak-04-118,ya lah kamek mesan dengan adik ipar kamek,1.25,8
sarawak-04-119,nya mesti embak baby ya,1.69,5
sarawak-04-120,kitak mesti sentiasa dekat dengan baby ya sentiasa ngembak nya,3.3,10
sarawak-04-121,camney lah dengan baby ya kinek tok minum aek apa,1.89,10
sarawak-04-122,maok lah juak susu ada juak tapi ada juak di pam,2.9,11
sarawak-04-123,mesti mok di pump mesti mok di pump,1.22,8
sarawak-04-124,yalah di pump juak lah,0.88,5
sarawak-04-125,daripada kitak nge pump nya secara paksa bagus kitak nyuroh baby ya stimulate macam sucking bah,6.59,16
sarawak-04-126,ya lah tek berik rangsangan ngannya,2.17,6
sarawak-04-127,rangsangan bah,0.68,2
sarawak-04-128,camya lah ya lah kamek sik sabar nunggu baby ya balit rumah gik,3.86,13
sarawak-04-129,ada nya ritok kali nak,1.72,5
sarawak-04-130,belom gik kali,1.17,3
sarawak-04-131,kelak lah,0.48,2
sarawak-04-132,doktor tek madah esok kali baruk nya dapat balit,3.28,9
sarawak-04-133,tauk jak lah kitak ya siney hospital,3.57,7
sarawak-04-134,swasta,0.61,1
sarawak-04-135,sak jak swasta,1.37,3
sarawak-04-136,dapat nya ambik duit ekstra,0.79,5
sarawak-04-137,sehari berapa tapi heran kamek koh sesco banyak nya duit sesco owh tang ada-ada nak bayar beranak okay,8.18,18
sarawak-04-138,nang semua staf nya,0.72,4
sarawak-04-139,mun sepuloh orang beranak camney,1.34,5
sarawak-04-140,nang semua staf nya di normah camney lah nak molah lagik,2.35,11
sarawak-04-141,kali ada memorandum of understanding kali ku rasa,3.49,8
sarawak-04-142,kak zu,0.6,2
sarawak-04-143,aok ambik panadol pun pegi ambik normah,2.04,7
sarawak-04-144,semua normah laki nya kerja sesco,3.05,6
sarawak-04-145,best owh,1.55,2
sarawak-04-146,nang best sidak ya semua pakey normah dekat bah tapi lagik sigek bagusnya normah ya dekat ngan rumah kamek orang,6.74,20
sarawak-04-147,yalah,0.37,1
sarawak-04-148,apa-apahal nak baby terus mbak ke sia bah sik sampey limak minit senang kamek orang nak ngabas pun senang juak sebab nya dekat dengan rumah,7.32,25
sarawak-04-149,nya bersi juak,0.81,3
sarawak-04-150,bagus bah sikda macam orang nak menghalang kita nak melawat kah pa pa kah namalah swasta nak,7.59,17
sarawak-04-151,tapi  apa ya tek  rasa macam rindu juak kamek nak cium bau baby koh ingin juak kamek nak beranak tapi macam ah tidak susah beranak sakit kamek sik maok tapi kamek maok ada baby lah,10.43,35
sarawak-04-152,sik boh lah mikey sakit dolok,1.52,6
sarawak-04-153,lepas ya masalahnya lagik satu bila kitak ada baby siapa nak jaga anak kitak mun nya dah besar kitak perlu hantar nya ke taska pasya nursery gik masalah lain gik adoh adoh zul,10.82,33
sarawak-04-154,ya semua ibu bapa akan ada mikey benda ya bah,2.51,10
sarawak-04-155,kamek ada duak orang anak ya kamek lelah nak jaga macam expenses yang sangat tinggi untuk anak sorang jak anak dah brapa dah,9.28,23
sarawak-04-156,"baby ya jak pun mek nangga dah macam-macam dah perlu dibeli dah""",4.04,12
sarawak-04-157,apahal kitak nanyak kamek pasal gripe water ya,2.14,8
sarawak-04-158,aih nak ya mak kamek eh adik kamek reya nya mesej kamek nanyak suroh beli benda ya,6.99,17
sarawak-04-159,pakey apa,0.76,2
sarawak-04-160,pakey cuci mulut baby tapi bukan gripe water sebenarnya nak,2.89,10
sarawak-04-161,oh bukan bukan nak ya,1.73,5
sarawak-04-162,nya ada aek sigek ya ada kamek beli senapang tiga kah apa namanya,3.24,13
sarawak-04-163,gliserin,0.55,1
sarawak-04-164,"gliserin water""",1.21,2
sarawak-04-165,aok nya macam kitak lap-lap mulutnya jak mun nya ada susu lah mun sikda susu ya jangan,6.95,17
sarawak-04-166,tauk sik kitak ada jenis nak baru pun kinek tok,2.69,10
sarawak-04-167,nya pakey spray,0.46,3
sarawak-04-168,nya bukan aek camya nya kitak pasang dekat jari nya macam instant gliserin ya tek pasang kat jari dan bila kitak pasang kat jari kitak terus sapu dalam mulut baby,12.03,30
sarawak-04-169,pasang maksudnya dari bottle,1.61,4
sarawak-04-170,sik nya daripada pek nang dah instant untuk dimasok dalam jari jak,3.08,12
sarawak-04-171,owh,1.51,1
sarawak-04-172,terus lap,0.84,2
sarawak-04-173,bagusnya,1.34,1
sarawak-04-174,tapi mahal lah mun kitak beli nak dalam botol ya,1.98,10
sarawak-04-175,kitak beli kat siney,1.02,4
sarawak-04-176,mummycare,0.94,1
sarawak-04-177,ya allah kamek beli drugs store jak pun,1.81,8
sarawak-04-178,nak kah dalam botol biasa ya dalam tiga ringgit lebih nak,3.78,11
sarawak-04-179,aok,0.54,1
sarawak-04-180,nak benda ya tek,1.21,4
sarawak-04-181,enam ringgit tujoh ringgit,0.97,4
sarawak-04-182,sik duak puloh lebih,1.04,4
sarawak-04-183,mahal buang masa aku jak,1.8,5
sarawak-04-184,mahal juak lah tapi senang,1.27,5
sarawak-04-185,o tedah kamek lamak dah sik ke mummycare apa dibeli kitak mummycare ya,3.02,13
sarawak-04-186,anak kitak dah besar sikdalah beli lah beli krim nya sikit krim nak ya pakey adik ipar kamek lah,10.79,19
sarawak-04-187,nak ya apa nama ya tek,1.25,6
sarawak-05-1,leha kitak neman kamek gi klinik lok sik sihat nyawa mek tok,4.02,12
sarawak-05-2,aie apahal kitak,1.47,3
sarawak-05-3,sik tauk eh start datang batok tok eh dari hari marek,3.55,11
sarawak-05-4,aie,0.46,1
sarawak-05-5,hm kitak rasa kedak ne macam ne rasa kitak dari malam tadik kah,5.51,13
sarawak-05-6,aok malam tdik nya start rasa gatal2 rah tekak pas ya lalu lah batuk,4.32,14
sarawak-05-7,eee mok kitak tuberculosis nak,2.16,5
sarawak-05-8,eh ndak lah lalu nak madah giya ju lah gi klinik lok,3.27,12
sarawak-05-9,lajulah klinik sine kitak nak pergi tok paling dekat panel panel,6.1,11
sarawak-05-10,gi klinik panel jak oh sik perlu bayar k unimas pun,3.48,11
sarawak-05-11,aok lah ju lah ju kita pergi,1.07,7
sarawak-05-12,aok,0.32,1
sarawak-05-13,bah dah doktor nangga tek apa kenak tek apa crita tek,3.21,11
sarawak-05-14,ee doktor madah jangkitan kuman biasa jak nya madah,3.67,9
sarawak-05-15,oooo ingat tuberculosis tek,1.74,4
sarawak-05-16,nya berik- nya sik nyuruh makan antibiotic dolok sbb gik mula2 bah nya madah so minum aik bnyak jak makan ubat batuk jak lah katanya,8.8,25
sarawak-05-17,yalah tok nakya antibiotics ya jangan lah kitak nak ya skip kelak resistant kah kelak apa kah susah gik kelak,7.97,20
sarawak-05-18,yalah tauk jak kitak lah kuman kinek tok mun dah berik antibiotic ya mesti makan mun sik makan kelak lalu lain jadi nya makin teruk kelak,8.64,26
sarawak-05-19,tapi kamek rasa kitak macam pelik jak oh kamek rasa macam kitak over sakit macam melampau jak,6.5,17
sarawak-05-20,sikla sebab kamek jarang sakit,1.58,5
sarawak-05-21,ada nak ya sik symptom bleed kah keluar darah kah,3.97,10
sarawak-05-22,sikda sikda biasa jak kahak sikit ajak,2.37,7
sarawak-05-23,bukan kitak madah kitak dolok macam ada infection dekat lung yang macam chronic kah,4.71,14
sarawak-05-24,ya dolok sik tauk juaklah dolok,1.95,6
sarawak-05-25,yang dolok masa ya kitak xray gine,2.1,7
sarawak-05-26,xray okay jak kata sidaknya,2.25,5
sarawak-05-27,sikda apa apa clear lah,1.04,5
sarawak-05-28,sikda apa clear jak biasa jak,2.3,6
sarawak-05-29,yalah,0.51,1
sarawak-05-30,ya lah kitak nangga orang kinek tok ya rupa rami orang di klinik tek oh,2.63,15
sarawak-05-31,sebab masa tok kan lembap,2.78,5
sarawak-05-32,yalah cuaca tok eh zaman tok banyak orang sakit,2.79,9
sarawak-05-33,sik kitak nangga kah laptop kamek ber-fungi,2.21,7
sarawak-05-34,fungi ya kulat kulat eh,1.78,5
sarawak-05-35,ya lah kotan cuaca,1.37,4
sarawak-05-36,ya rabbi kitak nangga cabinet kat rumah kamek eh putih jak ku pikir nakpa benda ingat pasir tek duhal paduhal fungi,7.01,21
sarawak-05-37,yah kulat,0.81,2
sarawak-05-38,ya rabbi kitak tauk sik kamek eh ambik kamek spray alcohol ada lah jual nak dettol bah skali kamek padah ngan mummy bagus kamek ambik nak dekat lab jak mbak rumah habis semua nak d-spray-spray sak sikda ber-fungi,13.75,38
sarawak-05-39,embaklah alcohol tujuh puluh percent tek,1.94,6
sarawak-05-40,yalahtek kelak mintak ngan sidak lab ya pas ya nak meli nak dehumidifier eh kamek meli kat giant pande mahal indah bagus ambik kat lab kita bah boleh ambik bah pa nama ya benda2 macam ya penting bah pas ya mun fungi bnyak bukan nya ngaco kita pun kesihatan,17.56,49
sarawak-05-41,yalah dah kita nyedut nya ne nak masalah kita tok respiratory tract kita tok,4.85,14
sarawak-05-42,macam ne ah apa terjadi mun kita terhidu fungi,2.92,9
sarawak-05-43,mun nya dah masuk nya diam d peparu kita,2.97,9
sarawak-05-44,ee ya allah menakah,1.4,4
sarawak-05-45,kitak mok kah nya membiak lam ya,1.29,7
sarawak-05-46,bukan nya macam benda ya macam jalan mati kah bukan nya macam mun nya dormant baruklah,6.97,16
sarawak-05-47,ada nya mati adanya idup siklah suma nya mati,3.44,9
sarawak-05-48,ee geli eh pas ya tek nak apa nama nya tek aok kitak sik nangga kah lam bilit- kelas marik ya ber-fungi ya allah kamek geli,10.87,26
sarawak-05-49,aok eh kerusi ya,1.45,4
sarawak-05-50,ya allah heh,1.55,3
sarawak-05-51,bercepak-cepak jak,1.2,2
sarawak-05-52,aok putih jak rupa nak oh,1.6,6
sarawak-05-53,nakpa nama ya tek kitak nangga sik cardboard ya cardboard ya apa ber-fungi juak,4.69,14
sarawak-05-54,oh aok papan putih ya,2.37,5
sarawak-05-55,kembang-kembang,0.9,1
sarawak-05-56,kembang ya maksud,0.89,3
sarawak-05-57,kenak sembab ya,1.33,3
sarawak-05-58,oh,0.51,1
sarawak-05-59,kenak cuaca lembap gilak bah dalam ya memang berkulat juak ya jadi macam ya,4.72,14
sarawak-05-60,ya allah,0.87,2
sarawak-05-61,kasya ah apa nama ya tek musim tengkujuh sampe bila,3.56,10
sarawak-05-62,yalah musim orang sakit tok,1.32,5
sarawak-05-63,sampe tahun baru cina baruk nya habis nak oh tahun baru cina maksudnya,3.09,13
sarawak-05-64,habis chap go meh,0.76,4
sarawak-05-65,new year aa,0.81,3
sarawak-05-66,habis chap goh meh trus panas ari tok baruk orang sihat semua tok kitak nangga kerek kanan orang sakit ajak mala,8.22,21
sarawak-05-67,camne sidak di kubang pa nama ya tek kuala krai,3.73,10
sarawak-05-68,oh nak sidak banjir ya,1.12,5
sarawak-05-69,aok eh sidak ya eh ya allah ada e-coli eh pa benda juak ya eh menakah najib kenak e-coli,5.87,19
sarawak-05-70,nok ya sik tauk lah juak mena kah sik tapi nya dah sembuh nak sidak madah,4.49,16
sarawak-05-71,tapi e-coli boleh membunuhkah zul,1.8,5
sarawak-05-72,yalah kamek sik tauk juak sik pasti,3.04,7
sarawak-05-73,boleh kah sik nya,1.04,4
sarawak-05-74,tapi nak ingat sik kitak ada nembiak kes student ya eh nok sidak ya madah nya terkenak infection of e-coli and the final diagnosis ya madah nya kenak infection of e-coli and then nya meninggal menakah,13.53,36
sarawak-05-75,sik tauk,0.47,2
sarawak-05-76,macam confuse jak benda-benda macam ya,3.24,6
sarawak-05-77,macam nak dipercayak pun susah juak siktauk lah mun sidak mok cover apa-apa nak,4.46,14
sarawak-05-78,aok ya lah tek,1.21,4
sarawak-05-79,macam aok jak lah apa padah orang,2.09,7
sarawak-05-80,sigek gik daripada nak e-coli ya lpas ya leptospirosis ya lagik lah teruk,5.75,13
sarawak-05-81,datang dari sine leptospirosis ya,2.81,5
sarawak-05-82,aie biasalah kan kita belajar rats apa nama ya tikus,3.71,10
sarawak-05-83,ah tikus kencing tikus nak,1.83,5
sarawak-05-84,aok eh kencing tikus,1.94,4
sarawak-05-85,nang menakah dari kemeh tikus,2.35,5
sarawak-05-86,aoklah eh nya factor yang,3.32,5
sarawak-05-87,ka nama jak kencing tikus bukannya aek kencing tikus mena-mena,5.12,10
sarawak-05-88,bukan lah,1.25,2
sarawak-05-89,nya dimbak oleh,0.67,3
sarawak-05-90,dibawak oleh tikus bukannya tikus ya kencing apa suma leptospirosis ya keluar dari kencing,5.68,14
sarawak-05-91,aek kemeh nya,0.97,3
sarawak-05-92,nya macam pegang barang pun nya udah boleh spread bah lepas ya nak ya camne nak sidak di sungai besi oh ingat sik kitak nak tepi-tepi jeraya eh ya allah camne dak nya makan makan tikus kali kita,12.33,38
sarawak-05-93,aok eh,0.37,2
sarawak-05-94,jeraya eh ya allah,1.12,4
sarawak-05-95,oh,0.44,1
sarawak-05-96,kamek sik mungkin akan makan kat tepi-tepi camya,2.43,8
sarawak-05-97,yalah kamek tok kali sakit tekak ndak tauk juak kali apa gik jadi mun sik cuaca kah apa kah salah makan kah apa,8.46,23
sarawak-05-98,so kinek tok,0.58,3
sarawak-05-99,"aa""",1.89,1
sarawak-05-100,tunggu lah masa antibiotics ya brapa hari,3.89,7
sarawak-05-101,yalah,0.46,1
sarawak-05-102,kedak ya recover lah oh,1.31,5
sarawak-05-103,yalah tadik nya sikmok merik tapi kamek mok mintak juak antibiotics,2.5,11
sarawak-05-104,ooh pahal nya sikmok merik,1.53,5
sarawak-05-105,aie nya madah sik perlu dolok,1.71,6
sarawak-05-106,sebab,0.83,1
sarawak-05-107,tapi kamek tok ne pande lawan nak orang belajar hal ubat kamek mintak antibiotic dolok kamek mok bait cepat,5.41,19
sarawak-05-108,nya camtok kitak perlu madah demam kitak sampe tiga hari baruklah nya berik kitak,5.84,14
sarawak-05-109,aoklah baruk sehari bah,1.5,4
sarawak-05-110,aoklah tek melawan kerajaan malaysia kitak ya,3.23,7
sarawak-05-111,kitak pergi klinik ne tek kitak pergi sine tek oh,3.13,10
sarawak-05-112,klinik ya astana tek,1.63,4
sarawak-05-113,astana,1.07,1
sarawak-05-114,ne gaya kamek tok sik tahan tekak kamek tok sakit batuk makan,4.6,12
sarawak-05-115,ada sik sidak merik kitak nekya tek um pa nama,2.91,10
sarawak-05-116,ubat nak pakey hisap ya kah,1.41,6
sarawak-05-117,aok nak hisap ya,0.77,4
sarawak-05-118,ada warna merah ya,1.92,4
sarawak-05-119,aok bagus ya bah,1.31,4
sarawak-05-120,bagus nang bagus tapi mun dah hujung-hujung ya pait rasanya,3.01,10
sarawak-05-121,yalah tek,0.72,2
sarawak-05-122,susah nak nelan benda ya aih,1.8,6
sarawak-05-123,dahlah pill mahal dak nya cas mahal-mahal,3.25,7
sarawak-05-124,yalahtek sikhal nasib baik bukan kita mayar,2.32,7
sarawak-05-125,eh jangan kitak lalu exceed kelak terlebih bayar mampus kita malar jak sakit oh,5.67,14
sarawak-05-126,aok eh pi ya lah kamek lom juak banyak juak makey bah tahun tok rasa kamek baruk ada skali duak jak pergi klinik banyak gik balance nya,9.85,27
sarawak-05-127,kitak sik hal kitak sik beranak kamek,3.04,7
sarawak-05-128,anak kitak sehat kah,1.53,4
sarawak-05-129,hm di rumah ya kah okay lah tapi kamek nangga sidak di taska nya macam okay jak mun nya beringus kamek rasa kamek berik vitamins dolok kamek,12.33,27
sarawak-05-130,taska ya yang mudah nak nyebar penyakit,2.54,7
sarawak-05-131,kamek awal lah mencegahnya kamek ambik kamek berik lysozyme nak booster pakey immunity kita eh lepas ya nokya apa nama ya tek berik kamek vitamin c,11.52,26
sarawak-05-132,darik dolok kamek carik lysozyme ya sine kitak meli,2.86,9
sarawak-05-133,ada di pharmacy pa anam ya tek ee kat emart ya pharmacy apa tah,6.1,14
sarawak-05-134,sine kat matang kah,1.29,4
sarawak-05-135,aok eh jom pharmacy,1.83,4
sarawak-05-136,oh jom pharmacy,0.78,3
sarawak-05-137,lysozyme hydrochloride ya,1.96,3
sarawak-05-138,kelak boleh lah kamek singgah ke siya beli berapa rega benda ya,2.84,12
sarawak-05-139,tujuh ringgit sekeping ada sepuluh igek,2.58,6
sarawak-05-140,sepuluh igek makan ya gine,1.9,5
sarawak-05-141,makan macam gigit jak kunyah,2.38,5
sarawak-05-142,sehari brapa bijik,1.07,3
sarawak-05-143,satu mun kitak demam kitak boleh ambik duak tiga egek lah,3.28,11
sarawak-05-144,mun sepapan tek dapatlah makan sepuluh hari,2.22,7
sarawak-05-145,kamek rasa memang kitak patut makan lah sebab kitak ndak alah-alah batuk,2.43,12
sarawak-05-146,siklah teralah2 baruk juak lah tapi ya lah susah kita tok tek nama kita tok tek nama dah mengajar nak kita tok nak kelaka dah kita terbatuk batuk tek masalah juak yalah kamek tok mok cepat-cepat bait,10.91,37
sarawak-05-147,ya lah boleh kitak ambik ya bah pergilah beli dekat batu lintang ya masalahnya batu lintang ya klinik ya nya jual dua belas ringgit sekeping,10.19,25
sarawak-05-148,rami orang gi meli ya kali oh,1.7,7
sarawak-05-149,dah nya orang suruh orang makan benda ya suma orang sik tauk and kitak mok rasa kitak mok tauk pergi lah ber-google tangga apa yang kepentingan lysozyme ya lysozyme bukan kitak sik tauk apa lysozyme,14.85,35
sarawak-05-150,aok tauk apa kita dah belajar lam biology bah,1.79,9
sarawak-05-151,ah biologi spm pun tauk,1.84,5
sarawak-05-152,lam sel suma ya ada lysozyme lysosome,3.43,7
sarawak-05-153,yalah tek,0.67,2
sarawak-05-154,batuk kamek tok banyak gilak kamek tok kelaka,2.24,8
sarawak-05-155,oh ya ka kesian nangga kitak oh sikpalah kitak mun kitak bait kelak kitak kita jalan,5.48,16
sarawak-05-156,singgah meli aik lok kita duak tok pakey melancarkan tekak kamek eh gi kedey nak ne paling dekat kedey sitok stesen minyak kah pun boleh,8.85,25
sarawak-05-157,pergi dekat nya nun ada petronas sinun,3.48,7
sarawak-05-158,ah singgah lah siya turun meli lok,1.92,7
sarawak-05-159,kitak mok aik juak sik,1.3,5
sarawak-05-160,kamek rasa kamek mok minum aik gatorade,3.47,7
sarawak-05-161,aik gatorade,0.63,2
sarawak-05-162,please,0.34,1
sarawak-05-163,mun ada jak boleh lah meli kamek mok ya juak kali,2.39,11
sarawak-05-164,yalah minuman isotonik untuk,2.3,4
sarawak-05-165,aik pakey ganti electrolyte dalam badan,2.68,6
sarawak-05-166,yalah tek pa nama ya tek tapi mahal oh heran aku di petronas tok,5.08,14
sarawak-05-167,petronas memang ada suka nak nait rega sikit,3.43,8
sarawak-05-168,aok eh pa nama nak dekat sibu sikda jual nak kah bapak faizul pun kedak selalu kesian juak kamek nangga nya malar sakit nak,9.34,24
sarawak-05-169,kitak tek nak meli gatorade tek ngan nya,2.34,8
sarawak-05-170,gatorade apa nok nak oren jak ada pas ya nya madah masam sikmok ku minum tauk jak orang tua,4.93,19
sarawak-05-171,aok eh nak warna purple ya nyaman,1.23,7
sarawak-05-172,aok purple sik tapi sibu nang seranto-ranto sibu sikda,3.77,9
sarawak-05-173,ok lah kita balit gik,1.18,5
sarawak-05-174,jum,1.21,1
sarawak-06-1,haa apa cerita aa si research kitak tek terung asam kitak tek apa cerita,5.73,14
sarawak-06-2,ada student nganta gambar tadik dalam whatsapp aa masih negative juak tapi kamek rasa dos dipakey nya kecik gilak,8.42,19
sarawak-06-3,nya make method kedak ne i meant make kaedah kedak ne,3.2,11
sarawak-06-4,aih makey kaedah nok dipadah kamek nakya lah makey empty disc ya disc kosong ya kakya extract ya tadik nak crude ya dititis atas ya tapi yalah kamek rasa dos ya kecik gilak kali ya macam sikda effect kali,15.95,39
sarawak-06-5,kitak muak juak student kitak da nganta gambar apa semua kitak tauk sik student kamek kamek rasa seminggu duak minggu dah sik da ngagak kamek apa last nya tek eh tauk sik kitak last yang kamek nahan nya dari pukul lapan pagi sampe kol enam setengah petang eh,12.55,48
sarawak-06-6,jerak,0.44,1
sarawak-06-7,jerak nya ngan kamek tauk sik kitak sik ada nya ngagak kamek agik kamek nyuroh nya polah graf kamek nyuruh ny polah graf lah pakey nangga nak-nak dos respon ya nak,10.2,31
sarawak-06-8,aok,0.49,1
sarawak-06-9,mestilah kita mok test dolok sik lah semestinya kita perlu ada sigek complete data yang kitak boleh sigek graf jak pun nak sik maok nya tek kelak eh si kelak nak sorang ya akan complain kelak nya madah ngan kamek nak pegi nak ea kamek nak apa nama ha exam,17.65,50
sarawak-06-10,aok nak exam lah nak apa lah kelak markah sik bagus kita juak kenak,4.57,14
sarawak-06-11,tapi masalah nya terung asam ya mahal juak kesian juak kamek nangga nya molah crude sekali lagik aa undenatured agik,5.8,20
sarawak-06-12,polah gik,0.52,2
sarawak-06-13,polah baru kamek sikmok makey nak lamak kamek sik duli polah baru sidaknya,4.25,13
sarawak-06-14,mun kitak dapat alcohol nok baru riya nak makey nok baru ya jak teruslah,3.48,14
sarawak-06-15,sik sebab untuk mengurangkan risiko kita sik pat apa-apa nak benda kamek ya sik akan dapat diulang pun,8.63,18
sarawak-06-16,aok,0.37,1
sarawak-06-17,nok kamek ya boleh diulang sikda juak hal,1.36,8
sarawak-06-18,kitak sikda masalah beratus ratus kali bejuta juta disc kitak nak engkah pun sik kisah nak yalah risiko kita nak makei benda benda idup nak yalah bak kata coordinator yang kau pegi bunuh haiwan apahal sama jak makey benda lain dipolah tapi kita tok bidangnya pharmacology dah giney lah nak molah,18.86,51
sarawak-06-19,nang kitak mun sik makey tikus,1.49,6
sarawak-06-20,giney lah,0.88,2
sarawak-06-21,lah dapat,0.55,2
sarawak-06-22,aok lah nya macam ada sik kitak nangga artikel sigek artikel dalam siney kamek sik tauk juak ada dalam kkm kkm mpun website,7.67,23
sarawak-06-23,aok,0.26,1
sarawak-06-24,nya madah penggunaan misai kucing ataupun apa-apa natural produk yang berlebihan akan boleh menyebabkan kemudaratan atau kematian ya lah macam ya sebenarnya kes nok acute toxicity bah,12.32,27
sarawak-06-25,aok ya lah,0.83,3
sarawak-06-26,aaa,0.39,1
sarawak-06-27,bukan misai kucing jak semua benda pun mun dah berlebihan,3.12,10
sarawak-06-28,yerr lalu di repost oleh orang tek madah tek natural produk sik bagus,6.06,13
sarawak-06-29,aiyaiyai,1.07,1
sarawak-06-30,aih sik nya tauk benda ya apa nak,2.01,8
sarawak-06-31,aok,0.47,1
sarawak-06-32,ya tauk nya madah okay kkm madah jangan makan misai kucing,4.39,11
sarawak-06-33,aok,0.81,1
sarawak-06-34,bukan aku nyuruh kau makan misai kucing kinek kinek ya makan sampe seratus kilo betul sik mati juak tikus ya,5.67,20
sarawak-06-35,aok diberik banyak,1.69,3
sarawak-06-36,sik nya tauk morphine ya datang dari siney dari opium flowers ya,5.07,12
sarawak-06-37,bunga ya,0.65,2
sarawak-06-38,bunga opium ya haa ya datang dari siney dari natural products juak drugs juak ya kamek pelik pasya student aa macam student dengan kamek nya macam stress gila sampe ke tahap nya madah kamek madah “kitak sikmok ka nama kitak dipublishkan sebab kitak polah benda benda kedak ya ” “aku sik mikey dolok benda benda ya semua” nya madah sebab apa nya stress tek sebab disuruh kamek molah balit molah crude extract balit,26.9,73
sarawak-06-39,kesian nangga student kitak,2.09,4
sarawak-06-40,aku maok kitak orang polah ya kelak benda ya kelak benda ya akan aku engkah dalam publish paper aku dan kau sekali madah mek an nya aku sikmok benda ya sik pakey aku ngan benda ya aih ko tauk sik apa cv kamek tanyak kamek madah ngan nya cv ya sebenarnya yalah yang akan dimasukan dalam cv kelak kamek madah ngan nya sekarang tok memang kau sikda rasa tapi bila ko nak polah research doktor ada molah research kamek madah ngan nya so macam aok jak la nya tak tauk sik kitak lepas nya kerja sampe enam petang tek duak ari nya sik turun ke kelas sebab nya penat penat gila nak,30.49,112
sarawak-06-41,penat gilak sebab sehari hari molah kerja makmal,2.97,8
sarawak-06-42,bukan nya membunuh tikus pun,1.32,5
sarawak-06-43,aok,0.33,1
sarawak-06-44,nya datang nangga nak ct rolling jak nangga contraction jak,2.84,10
sarawak-06-45,aok,0.32,1
sarawak-06-46,yang sebenar benar polah kerja ya sapa si lab ya lah,3.8,11
sarawak-06-47,aa mlt,1.55,2
sarawak-06-48,orang lab lah yang molah tapi sikda juak kamek nanggga orang ya tersungkur,3.84,13
sarawak-06-49,tapi student kamek bagus koh kamek nangga dakya dilab petang tok daknya dilab tek kata sidak nya kol tiga setengah,5.37,20
sarawak-06-50,sebab sidak bingung sikda finding sebab ya sidak bingung nya macam rasa ingin nak molah ingin nak molah,5.52,18
sarawak-06-51,tapi bagus nya polah macam ya,1.71,6
sarawak-06-52,eh sik dahal biarlah nya nya mikey dikpun,1.94,8
sarawak-06-53,sampe nya dapat finding dimaoknya mun sikda finding ne lah nak molah,3.24,12
sarawak-06-54,yalah apa boleh buat ko conclude kedak ya jak lah,2.24,10
sarawak-06-55,dah nama kata tok makey,2.07,5
sarawak-06-56,natural produk,0.66,2
sarawak-06-57,aok natural produk mun ada ada mun sikda effect sikda asal ada molah jak,5.43,14
sarawak-06-58,yalah namanya kita preliminary kata orang nak aduh eh panama ya tek nak ea research orang lain kamek nangga camne oh,9.58,21
sarawak-06-59,aduh student rami lam lab tangga mek,2.08,7
sarawak-06-60,cam anna nangga kamek ya allah banyak na plates student ya molah banyak na polah oh,4.97,16
sarawak-06-61,banyak nya molah agar plate makey bakteria,2.77,7
sarawak-06-62,apa sebenarnya macam kitak ka,1.8,5
sarawak-06-63,siktauk sik eh bukan nya sik da makey natural produk kamek siktauk kamek ada klaka ngan student daknya macam madah daknya engkah dalam serbuk cuci mulut ka aok macam ya nok makey kumur mulut ya nangga kuman ne boleh mati dengan which one dengan nak ne sigek kamek rasa lah tapi kamek siktauk lah anna pun ka sapa pun ka,22.35,60
sarawak-06-64,ooooh duhal,1.92,2
sarawak-06-65,macam macam juak lah dipolah daknya ada sigek kumpulan agik kamek nangga nya gambik apa nama tek air apa nama tek,10.94,21
sarawak-06-66,air apa,0.46,2
sarawak-06-67,air reverse osmosis machine eh,1.64,5
sarawak-06-68,oh ya,0.48,2
sarawak-06-69,nya kumpul semua air tempat ya nya mok check,3.33,9
sarawak-06-70,adui bukannya selamat gilak pun benda benda,3.88,7
sarawak-06-71,yalah,1.13,1
sarawak-06-72,cam nenek kamek tauk sik ada nak air filter ya nak air ya sik masak pun masak nya baru air nok dalam filter ya masak nya baru nama lah orang tua tek nak,9.05,33
sarawak-06-73,apalah gunanya difilter,1.32,3
sarawak-06-74,ndak ku tauk,0.77,3
sarawak-06-75,sikperlu lah dimasak agik,0.9,4
sarawak-06-76,aok yalah bukan nya kita dapat menjelaskan ngan nya bahawasanya si filter ya tek teknik tek adalah macam ne,8.76,19
sarawak-06-77,nya napis bah,1.4,3
sarawak-06-78,benda ya paling nano mpun,2.43,5
sarawak-06-79,paling kecik mpun dapat ditapis sebab siklah nya ada gik dalam air ya lagik,4.73,14
sarawak-06-80,e-coli dapat sik sikpat nak,1.88,5
sarawak-06-81,semua dapat,0.49,2
sarawak-06-82,dapat ka,0.57,2
sarawak-06-83,semua dapat,0.84,2
sarawak-06-84,oooohhh,0.7,1
sarawak-06-85,nya nang memang bersih,0.96,4
sarawak-06-86,leptospirosis,0.94,1
sarawak-06-87,mun ya sik dapat maksudnya air ya perlu dimasak,3.58,9
sarawak-06-88,aok mena mena,1.09,3
sarawak-06-89,mun air ya sikperlu dimasak ya maksudnya ya dah napis semua,2.92,11
sarawak-06-90,minum air ultrafilter jak kita smua nak sepuluh ribu eh,2.9,10
sarawak-06-91,ya bisak sel badan lah,1.62,5
sarawak-06-92,mampus kita terung asam kamek kamek rasa dalam duak minggu gik lah nunggu azhar datang mesti nak nunggu orang datang lok,10.58,21
sarawak-06-93,aok,0.38,1
sarawak-06-94,sik dapat banyak gilak machine ya dipakey susah aiee,3.24,9
sarawak-06-95,perlu arap sidak sidak juak,1.59,5
sarawak-06-96,zul kamek bingung sebab sidaknya sikdatang menanyak kamek dan kamek takut sidaknya sikdapat nak menganalisis ya kamek dah madah beberapa kali dah daknya sik baca pun apa artikel yang kamek suruh baca,12.09,32
sarawak-06-97,camne lah sidaknya nak analyze ya kelak oh,1.96,8
sarawak-06-98,kamek bingung juak zul susah mek ngan tahap ya macam kelak kamek yang akan mati- kelak kita duak yang akan gila dan kamek akan membawak kitak sekali menggilalah sikda orang lain yang kamek mintak tolong kecuali kitak tapi yalatek apalah guna kita molah master then polah benda camya sebelum tok sama juak nak,20.77,53
sarawak-06-99,sama juak,0.69,2
sarawak-06-100,at least kita boleh publish dah kelak adalah satu paper dalam taun tok mun orang sikmok publish paper kita kita mintaklah duit dari unimas,7.03,24
sarawak-06-101,aok,0.43,1
sarawak-06-102,unimas kan boleh berik duit dengan dekat hindawi orang lain boleh mintak kita pun boleh mintak betul sik betul sik kita guna apa kelebihan unimas ada betul sik,9.67,28
sarawak-06-103,nya nang maok berik sukati jak ka,1.35,7
sarawak-06-104,boleh bukanlah nya berik sukati maksud mek kita hantar tapi hindawi tok adalah jenis tempat yang kita boleh publish asal kita ada duit bayar kitak faham sik and nya impact tinggi sebab tok kluar duit mun kitak sikda duit sorry nya sikda publish kitak walau hebat kedak ne camyalah nya mesti ada duit seribu setengah sigek,22.2,56
sarawak-06-105,seribu setengah sigek oh,1.05,4
sarawak-06-106,aok kinek siktauk gik lah tapi kamek rasa senang jak pakey kitak kamek rasa,3.31,14
sarawak-06-107,yalah,0.54,1
sarawak-06-108,kitak dah disitok bah so at least kitak boleh pegi publish kitak mpun kamek ada disiya and kamek ada kamek mpun kitak disiya camya bah,9.05,25
sarawak-06-109,boleh jak kita mintak nak ada jak tempat nya lain lain bah,2.39,12
sarawak-06-110,aok yalah yalah macam nok terong asam ya nak mou sidak agriculture ya,5.72,13
sarawak-06-111,aok,0.28,1
sarawak-06-112,tadik ada nya mesej kamek nya reply mesej kamek lah nya madah nya dah berik ngan mr lawrence lawrence nak ngan kitak ya ka,5.59,24
sarawak-06-113,aok mr lawrence nok laki ya,1.86,6
sarawak-06-114,“aa kelak aku tanyak ngan bos lah nya dah forward ngan mr lau” so okaylah should be okay lah,6.82,19
sarawak-06-115,sik lamak gik lah harap,0.85,5
sarawak-06-116,aok harap berjayalah nok ohh lela pun tauk kita tengah bekerja dalam hal ya,6,14
sarawak-06-117,aok,0.47,1
sarawak-06-118,ada juak benda yang kita polah macam jangan lah orang madah kita tok siktauk apa apa nak,3.83,17
sarawak-06-119,yalah,0.46,1
sarawak-06-120,at least research kita okay berjalan,3.1,6
sarawak-06-121,bingung juak kamek mikey hal research tok,2.86,7
sarawak-06-122,yalah research kita tapi yalah kita makan masa lamak lah bukannya research kita research yang bodo bodo,6.55,17
sarawak-06-123,aok,0.43,1
sarawak-06-124,semua perlu lab mpun work bah,3.26,6
sarawak-06-125,nasib bait ada student kira student ya tek sambil polah projek daknya nak kita tek dapat juak nangga macam ne,6.99,20
sarawak-06-126,yalah gunanya student yalah kita perlu menggunakan student,3.2,8
sarawak-07-1,zul kitak ada download sik once upon a time,3.82,9
sarawak-07-2,aaa nak baru ka ada,1.9,5
sarawak-07-3,aih kamek dah sik tauk sigek ne kamek dah nangga dan belom nangga dalam,4.26,14
sarawak-07-4,aih yalah kitak sik nakya kamek ada apps pakey mek madah episode ne kamek dh nangga nakne belom,5.37,18
sarawak-07-5,kamek bukan champion kamek bukan champion apps apps ni yalah kamek sik tauk so once upon a time anak kamek mok nangga bah once upon a time ya cerita nak kinek tok apa nama ya tek once upon yang nakya ya bah yang kamek nangga nya show ny show nya makey baju frozen eh,19.19,54
sarawak-07-6,oooh,1.06,1
sarawak-07-7,nak nya duak anna ngan elsa aok ya apa ya sebenarnya,4.61,11
sarawak-07-8,aih si kisah sidak frozen lah kitak mesti ada nangga katon frozen ya nak,4.2,14
sarawak-07-9,tapi sik sama pun kamek sik faham nak benda yang sihir nak pompuan baju itam ya pabenda,4.84,17
sarawak-07-10,ya kamek madah nok dolok ya daripada,2.67,7
sarawak-07-11,berapa siri dah sebenarnya,1.96,4
sarawak-07-12,dah empat taun crita ya,1.27,5
sarawak-07-13,oh yaka kamek macam kamek,1.66,5
sarawak-07-14,empat taun ka tiga taun sik,1.83,6
sarawak-07-15,best ka zul crita ya zul,1.82,6
sarawak-07-16,best juak lah nya macam dolok dolok nya ada kisah dak sidak wicked witch lah dak ahli sihir,7.92,18
sarawak-07-17,aok,0.56,1
sarawak-07-18,pas kinek tok tek nya tek ekot frozen ya ne ndak mbiak lalu gila juak,4.21,15
sarawak-07-19,kenak lah nak makey baju itam ya nya madah nya dah jadi bait,3.27,13
sarawak-07-20,aok dah jadi bait nya,1.29,5
sarawak-07-21,sebab,0.3,1
sarawak-07-22,waktu nya musim pertama dengan yang keduak dolok nya jaik yang ketiga ya okay bah nya dah jadi bait,6.03,19
sarawak-07-23,yang orang laki ya yang nya madah nya suka orang laki ya pa benda nak marrianne ya bini nya laki nya sapa,7.83,22
sarawak-07-24,aie laki nya ya lah robin hood ya kan nya dari zaman dolok juak mbak ke sia,5.67,17
sarawak-07-25,oh robin hood nya bercinta ngan robin hood ya,1.92,9
sarawak-07-26,aok,0.23,1
sarawak-07-27,tapi robin hood ya ada gerek nama marrianne marrianne ya bini nya kinek tok,4.31,14
sarawak-07-28,aok bini nya dari zaman ya tek,2.81,7
sarawak-07-29,jadi giney lah,1.8,3
sarawak-07-30,yalah sik tauk juak apa kesudahan nya nya madah riya macam nya tandah nya ngan bini nya jak ka,6.36,19
sarawak-07-31,oohh,1.34,1
sarawak-07-32,kitak dah nangga episode ya riya,1.71,6
sarawak-07-33,erm sik sure apa nama ya tek kamek sik faham gilak sebenarnya crita nak once upon a time sebab nak ceritanya nya ada berselit dengan crita nak sidak witch ya,11.87,30
sarawak-07-34,cerita daripada nak lamak lamak dolok juak,2.11,7
sarawak-07-35,yalah kamek sik faham tapi macam costume ya kacak lah tek macam menarik perhatian kamek lah aok tapi sebenarnya pokok cerita bukannya sik faham pun apa dipadah sidaknya aa apa nama once upon a time apa gik yang kitak ada,15.79,40
sarawak-07-36,um cerita lain mun crita makey anak-anak tak,4.43,8
sarawak-07-37,aok aok kamek maok pakey anak,2.07,6
sarawak-07-38,cerita nembiak kamek sik banyak gilak kamek apa juak suka nangga dakya bah,3.32,13
sarawak-07-39,kitak tauk sik yang kitak berik kamek nak siri apa benda ya tek siri nak ya tek nak nya vergin ya nak vergin ya,10.24,24
sarawak-07-40,oh gen ya ka,1.22,4
sarawak-07-41,genvergin,0.78,1
sarawak-07-42,aaaa,0.72,1
sarawak-07-43,tapi kamek rasa benda ya sik sesuai untuk ditangga anak kamek lah sebab tiba tiba nya macam kissing bercium cium ne lah boleh dak mbiak nangga nak walaupun nya madah nya nutup mata tapi takut juak lah terpengaruh tv nak,13.98,40
sarawak-07-44,hmm,0.35,1
sarawak-07-45,tapi kamek nangga setakat ne gik oh kamek nangga setakat nya bunting kamek sik faham kenak orang laki ya maok anak ya,8.68,22
sarawak-07-46,sebab nya handle anak nya sebenarnya,2.22,6
sarawak-07-47,sik kenak nya maok ngan ompuan ya,1.77,7
sarawak-07-48,sebab nya pernah jumpa ompuan ya dolok waktu nya waktu nya gik zaman umur nya belasan taun,6.67,17
sarawak-07-49,oooo,1.04,1
sarawak-07-50,sidaknya pernah berjumpa sekali ompuan ya ya tek nya macam ya tek nya macam ada spark ngan ompuan ya tek macam da suka sebenarnya,6.25,24
sarawak-07-51,oooo lepas ya tek,2.26,4
sarawak-07-52,cun juak ompuan ya tek lalu tek cam maok jak lah,3.58,11
sarawak-07-53,nya maok in-vitro ya tek apahal nya maok ngan ompuan nak sikok ya apa kaitan nya ngan doctor ya,5.84,19
sarawak-07-54,oh doctor oh dokter ya kakak kepada orang laki ya,4.54,10
sarawak-07-55,ooh pasya kenak la nya macam manas-manas hari ya apahal,3.7,10
sarawak-07-56,nya tek tengah emosi kelaie ngan gerek nya,3.84,8
sarawak-07-57,oooo,1.15,1
sarawak-07-58,nya tek terengkah in-vitro salah orang,2.92,6
sarawak-07-59,kasya kenak lah ngan ompuan yang maok in-vitro ya,3.88,9
sarawak-07-60,bini kepada laki ya,1.24,4
sarawak-07-61,ooh okay kenak apa mati pucuk ka apa,3,8
sarawak-07-62,sikda orang laki ya nya cancer,2.73,6
sarawak-07-63,oh tedah bini nya cancer kenak sikdapat seperti biasa,3.56,9
sarawak-07-64,siktauk siktauk juak eh nama cerita dipolah macam ya,3.38,9
sarawak-07-65,pelik oh macam kedak mati pucuk tok jak,2.5,8
sarawak-07-66,sik nya macam dah disimpan awal dah dalam liquid nitrogen,5.03,10
sarawak-07-67,oooo,1.1,1
sarawak-07-68,simpan awal pakey untuk nya,2.51,5
sarawak-07-69,kan nak pompuan ya ada gen nya ada gerek,3.52,9
sarawak-07-70,aok ada dah putus dah bah,1.62,6
sarawak-07-71,hah putus dah ka crita ya apahal nya putus,2.94,9
sarawak-07-72,sebab nya ngan orang laki ya lah kan nya mengandung ngan laki ya dolok,4.31,14
sarawak-07-73,so nya bersama ngan orang laki ya lah,2.48,8
sarawak-07-74,mmm sik,0.54,2
sarawak-07-75,bercinta,0.7,1
sarawak-07-76,bercintalah,1.07,1
sarawak-07-77,oh tedah alulah tek sik nak ka alu nya propose ea ada sik kitak nangga daknya melamar eeh cara nya melamar eh,7.45,22
sarawak-07-78,yalah kitak tangga lah agik penghujung agik,1.68,7
sarawak-07-79,sik masalah nya kamek sik dapat nangga anak kamek nya sik boleh nangga benda benda macam ya,6.57,17
sarawak-07-80,so tunggulah nya tido lok,1.15,5
sarawak-07-81,mami dirumah nak mbukak tv ceritanya melayu jak dah la boring eh kamek nak nangga cerita siri ya apa gik siri apa yang kitak ada gik,9.21,26
sarawak-07-82,ne da apa gik nakya lom ada riya nak the strange ya,3.56,12
sarawak-07-83,nak the stran- oh ya kamek dah nangga,2.32,8
sarawak-07-84,aa baruk abis season satu belom ada season duak gik taun tok kali,2.95,13
sarawak-07-85,oooo,0.85,1
sarawak-07-86,ya di diat,0.55,3
sarawak-07-87,yang baru baru apa kinek tok apa yang keluar dah habis dah nakya dak thanksgiving ya apa semua dah habis,5.23,20
sarawak-07-88,sikda gik eh belum agik,1.83,5
sarawak-07-89,project runaway,1.7,2
sarawak-07-90,ya all-star jak ya ya masih ya masih all-star nak kamek dah berik ngan kitak,5.25,15
sarawak-07-91,ya jak lah sikda yang dah updated ka,2.09,8
sarawak-07-92,ada sigek gik kamek rasa minggu ya tek dak bertanding molah baju ya,5.95,13
sarawak-07-93,baju apa,1.04,2
sarawak-07-94,aieh nya molah baju apa oh oh polah baju top dengan seluar lah separately,7.16,14
sarawak-07-95,ooh ah separately tapi nya bersambung,2.97,6
sarawak-07-96,nya boleh dipakey ngan barang-barang lain aa nang macam ya lah,3.54,11
sarawak-07-97,kamek suka juak nangga crita camya,2.32,6
sarawak-07-98,rilek rilek k nangga bah,1.51,5
sarawak-07-99,aih doraemon ya best,1.46,4
sarawak-07-100,kamek lom nangga gik doraemon ya,1.15,6
sarawak-07-101,ya allah ceritanya sangat best tauk sik kitak audah ngan syarifah nangis nangga cerita doraemon ya,4.01,16
sarawak-07-102,aie tauk reti juak,1.98,4
sarawak-07-103,aok best cerita ya akhirnya doraemon ya nya meninggalkan nakya nya meninggalkan nobita,9.26,13
sarawak-07-104,apahal,0.45,1
sarawak-07-105,masa depan nya tek nak doraemon meninggalkan nobita sedihlah tapi akhirnya tek disebabkan nya nangga masa depan nak doraemon kembali sampe nya akan besa kelak,10.98,25
sarawak-07-106,ohh,0.7,1
sarawak-07-107,aaa,0.78,1
sarawak-07-108,alu sikla naknya nangis sebenarnya tek,1.8,6
sarawak-07-109,ha,0.47,1
sarawak-07-110,sikda la nya ilang sebenarnya tek,1.75,6
sarawak-07-111,nya boleh menukar masa menuka takdir lah sebab nya dah melihat takdir sebelum tuk nya akan kawin dengan sizuka aih,8.91,20
sarawak-07-112,aih,0.57,1
sarawak-07-113,kamek belom gik nangga kelak lah kamek nangga mun mek ada masa,3.48,12
sarawak-07-114,aa cerita katon lain cerita katon nok gemok ada ka sik nok warna merah ya,4.98,15
sarawak-07-115,gemok merah and warna putih cerita nak yang dipolah sidak frozen juak eh bah,5.9,14
sarawak-07-116,big hero,1.13,2
sarawak-07-117,ada sik kitak,0.82,3
sarawak-07-118,belom ada gik kamek koh bukan tak nangga wayang ya kah,3.13,11
sarawak-07-119,kamek nak nangga wayang ne da kamek nangga wayang,2.69,9
sarawak-07-120,apalah nak nangga wayang riya crita ya kamek dengar rami orang madah crita ya best,3.83,15
sarawak-07-121,oh yaka carik lok ngan kamek kitak carik lah ngan kamek,3.2,11
sarawak-07-122,kelak lah kamek coba nangga ada ka sik kamek rasa belom ada gik blue ray nya,4.99,16
sarawak-07-123,eh perlu ka mok carik blue ray tangga biasa biasa jak lah,2.64,12
sarawak-07-124,kelak lah kitak maok nok high quality,1.13,7
sarawak-07-125,eh perlu ka semua benda ya pakey nangga jak pun,5.14,10
sarawak-07-126,hmm perlu juak lah mun kamek sik puas hati kamek nangga gambar nok sik terang ya nok cetak rompak ambik dari wayang ya kita mesti beli yang original ok,9.78,29
sarawak-07-127,survivor,1.18,1
sarawak-07-128,ya sikda gik dah nunggu,1.51,5
sarawak-07-129,dah habis dah oh,0.57,4
sarawak-07-130,dah habis dah,1.15,3
sarawak-07-131,hmm,0.58,1
sarawak-07-132,apa gik nak dicerita nangga jak muvi soh anak kitak nangga movie,5.61,12
sarawak-07-133,movie apa,1.27,2
sarawak-07-134,movie lah astro banyak eh,1.48,5
sarawak-07-135,nak fox family ya ka,1.06,5
sarawak-07-136,haa,0.47,1
sarawak-07-137,semua benda dah ditangga nya dak trolly pabenda motorolly nak cerita,4.2,11
sarawak-07-138,rattatouille,1.23,1
sarawak-07-139,ratatouille nak tikus eh,3.12,4
sarawak-07-140,aok,0.34,1
sarawak-07-141,nya sup nangga cerita ya tadik nya nangga cerita ya alu sik nangis nya nak ngekot kamek ke kerja tadik bah,3.76,21
sarawak-07-142,pasang nok camya ya jak lah ngan nya pakey nyuruh nya lekat rumah nangga tv,5.43,15
sarawak-07-143,masalah nya mun mummy nya ada sikpat nya nangga siri apa pun sikdapat di diat,3.88,15
sarawak-07-144,yalah,0.47,1
sarawak-07-145,oleh orang tua ya,0.81,4
sarawak-07-146,ari lusak mummy balit nak,1.34,5
sarawak-07-147,nya siri apa tok cinta ibadah ha kol lima cinta ibadah nya cerita melayu cerita nok dua ratus siri ya,6.68,20
sarawak-07-148,aok ya bila nak abis crita ya dua ratus siri ya aduhh,4.96,12
sarawak-07-149,kol lima tok cerita ya kelak malam cerita apa gik kah cerita tv satu tv dua semua didiat semua nok pakey diat,6.84,22
sarawak-07-150,bagus siboh nangga astro mun dah nangga channel ya,2.39,9
sarawak-07-151,tapi mummy dirumah astro enjoy jak nak rupa kamek tok enjoy nak astro nak benda benda astro ya tapi sik dapat nak nangga seluruh benda,9.69,25
sarawak-07-152,hmm,0.54,1
sarawak-07-153,haih apa nama cerita aih kitak ada nangga lala umm masa lunch hour ya,8.8,14
sarawak-07-154,oh ya cerita vampire ya,2.52,5
sarawak-07-155,best ka,0.34,2
sarawak-07-156,kitak nangga cerita ya,0.85,4
sarawak-07-157,best sik,0.68,2
sarawak-07-158,dah jaoh gilak dah sampe musim ke-6 dah kitak sik dapat kitak nak ngekot dari,5.36,15
sarawak-07-159,beriklah kamek episode pertama boleh sik,2.04,6
sarawak-07-160,ne ada nyimpan agik pun dah enam taun lepas,3.29,9
sarawak-07-161,kamek suka cerita angel ya bah angel vampire ya ne tauk ada gik baru sikda ka zul,4.47,17
sarawak-07-162,sikda ney da pelakon pun dah tua,2.46,7
sarawak-07-163,mena ka tapi cerita ya best kenak kamek sup gilak nangga cerita ya oh,4.13,14
sarawak-07-164,ne kamek tauk zaman ne kitak suka nangga,2.13,8
sarawak-07-165,zaman teenager tek nak zaman gik gik gik apa angkat dara kata orang,6.52,13
sarawak-07-166,cuba nangga crita,1.2,3
