wav	words	duration
sarawak-01-1.wav	zul ada sik kitak nangga dalam astro nak chak-chak apa ntah	6.37
sarawak-01-2.wav	pureen chak-chak ya kah	1.7
sarawak-01-3.wav	aok rozita che wan ngan zain ya eh	1.76
sarawak-01-4.wav	sik pernah kamek nangga	0.96
sarawak-01-5.wav	ya allah sik kamek bukanlah nak nganok	2.53
sarawak-01-6.wav	nakpa nak best nya	1.42
sarawak-01-7.wav	sik kamek rasa macam semua benda pun nya perlu nak cover	4.31
sarawak-01-8.wav	nya nak nunjok semua	0.97
sarawak-01-9.wav	daripada perut nya kecik sampey perut nya besar lepas ya beranak ya juak rozita che wan tek bermekap setiap saat lah bermekap	10.0
sarawak-01-10.wav	nama lah artis	1.32
sarawak-01-11.wav	tauk lah kamek nya artis tek nak	1.4
sarawak-01-12.wav	mesti maok kacak	1.32
sarawak-01-13.wav	tapi macam kadang-kadang mun benda kedak ya bukan lah kita sik puas ati tapi macam meluat juak lah tapi rozita che wan ngan zain ya nya sik tauk apa-apa pun nya macam aok jak lah nak mun orang nyuroh nya gya gitok nak pasya tek nak kamek nangga juak lah benda-benda cam ya tek	15.26
sarawak-01-14.wav	tapi nya nganok tapi nya maok nangga juak	2.55
sarawak-01-15.wav	tangga jak lah apa yang seterusnya nak pasya tek nak semua sponsor lah daripada nya pegi jumpa doktor sampey nya pegi  apa nama nya tek  aqiqah	12.72
sarawak-01-16.wav	aok aqiqah aqiqah anak ada juak ditunjok	2.98
sarawak-01-17.wav	ya allah aqiqah nya eh tauk sik kambin seekok-ekok ya nak diengkah nya di atas ya macam benda ya macam kamek bukan lah sik setuju tapi nya menyebabkan orang tok  macam ney nak madah ngan kitak owh 	12.28
sarawak-01-18.wav	riak kah	0.88
sarawak-01-19.wav	ya riak lah kamek rasa	2.02
sarawak-01-20.wav	ngeso lah	2.02
sarawak-01-21.wav	macam ya oh ney tek oh rozita che wan tek nak nya madah nya berpantang pasya nak pantang apa benda belum gik aku ngira waktu bila nya tek beranak nak empat puloh hari nya beranak belom empat puloh hari gik lalu pegi london nangga twitter nya  aih pegi london   camney nya boleh pegi london sedangkan nya tek berpantang	19.21
sarawak-01-22.wav	ya duit dah dibrik astro banyak boleh jak lah pegi pantang sik pantang	4.3
sarawak-01-23.wav	anak nya dapat job nangga ko anak baruk brapa umo brapa bulan dah dapat job pegi london sign kontrek oi	6.49
sarawak-01-24.wav	orang kaya kin kaya jadinya	2.37
sarawak-01-25.wav	apa nama pureen chak-chak tek pasya tauk sik kitak nk berkelaie ya eh nk si apa nama nya ya lara nak anak si	7.72
sarawak-01-26.wav	oh anak scha ngan awal ya	1.76
sarawak-01-27.wav	aok nya duak tok tek rasa macam sedih dan rasa kecik ati dengan astro sebab sik tauk lah kamek	6.93
sarawak-01-28.wav	nya sik di lalek sik dapat	3.08
sarawak-01-29.wav	orang membandingkan anak nya anak nya sik kacak anak si rozita che wan tek kacak padahal nemiak jak pun semua kiut nak	6.32
sarawak-01-30.wav	siapa suroh ko beranak time sama juak ney ndak jadi giya	2.89
sarawak-01-31.wav	siapa gik beranak seterusnya tek nak pakey engkah kat pureen chak-chak ya tek siapa gik kitak rasa ayu raudhah adik si rozita che wan tedah sik juak ada apa-apa nya ada kelua dalam majlis jak apa nama dalam program nama program ya majlis dalam astro nya macam setiap majlis yang ada dekat di malaysia yang melibatkan artis lah so nya masoklah dalam program ya	28.52
sarawak-01-32.wav	apa jak yang dimain program ya nya ngeso apa	2.98
sarawak-01-33.wav	ngeso majlis eh macam ney orang mengendalikan majlis	3.16
sarawak-01-34.wav	macam majlis dak aqiqah semua yakah	1.4
sarawak-01-35.wav	sik kisah tapi kesian juak lah ayu raudhah tek sik lah glamor gilak tek nak sikda masok pureen chak-chak	4.83
sarawak-01-36.wav	ney dapat lawan kakaknya	1.22
sarawak-01-37.wav	aok lah tek mun siti nurhaliza gney ndak kah owh bukannya pureen chak-chak gik dolok start daripada erra fazira zaman dolok start daripada erra fazira ingat kitak  apa namanya tek  	10.27
sarawak-01-38.wav	aok kakya sik giney-giney nak cerei juak ujong-ujongnya kesian juak nangga miak ya dipolah nya macam ya	6.05
sarawak-01-39.wav	kakya sedih nangga nak recording sidak beranak dolok-dolok	6.54
sarawak-01-40.wav	aok eh mun nya nangga dirik pun balit nangga benda ya pun daknya rasa macam “kenak aku molah benda ya dolok owh” mesti nya ada rasa nyesal juak bah	7.82
sarawak-01-41.wav	aok eh pasya kitak tauk sik rozita che wan nak madah nya nak beranak agik	3.6
sarawak-01-42.wav	gik dapat kah umo dah brapa	2.45
sarawak-01-43.wav	sik nya nak branak terus nya sik akan makan apa-apa gik terus beranak kerana tek zain tek maok anak duak orang	7.55
sarawak-01-44.wav	anak nya sebelum tok brapa orang owh	1.84
sarawak-01-45.wav	duak laki duak-duak skarang tok pompuan tek nak si zain maok anak lagik	4.74
sarawak-01-46.wav	owh sorang agik lah	1.75
sarawak-01-47.wav	ya lah tek	0.97
sarawak-01-48.wav	sik hal mun duit banyak beranak rami pun sikdahal	2.54
sarawak-01-49.wav	eh tapi nya kacak nya ngacak diriknya	3.86
sarawak-01-50.wav	tapi risiko tinggi bah mun rozita che wan ya beranak gik	3.86
sarawak-01-51.wav	tapi kamek heran camney mun rozita che wan beranak nak nya normal birth macam deliver baby dengan secara normal	9.74
sarawak-01-52.wav	sik tauk juak eh kali tenaga nya gik ada kali untuk nolak baby ya kali	5.52
sarawak-01-53.wav	yalah kamek pelik apa kamek ber ceaser ndah owh pas ya nak lekat-lekat pa semua apa kamek sikda pun kedak ya kamek gik mudak bah	10.35
sarawak-01-54.wav	rozita che wan mudak gik dari kitak kali	1.85
sarawak-01-55.wav	haha yah apa namanya tek apa kata nat tek tunang kitak tek nak rozita che wan sik boleh melintas parit	9.12
sarawak-01-56.wav	aok sik boleh melintas parit	1.23
sarawak-01-57.wav	pahal ah	1.75
sarawak-01-58.wav	pantang nya nya sik maok udara kotor dari parit ya bah	3.08
sarawak-01-59.wav	sak nya kacak lah	1.57
sarawak-01-60.wav	ya nya maintain kacak ya	2.37
sarawak-01-61.wav	mena kah	0.94
sarawak-01-62.wav	laki nya untong nak	2.38
sarawak-01-63.wav	tapi kita tok still human semua orang sama jak ya pantang apa entah kamek pun sik tauk	7.63
sarawak-01-64.wav	lain orang lain cara pantangnya lebih-lebih gik dah zaman moden tok pantang orang sik kedak dolok	7.37
sarawak-01-65.wav	yalah tek pas ya nangga nya berpantang tek nak nya engkah tungku-tungku ya pa suma tapi muka bermekap camney gaya nya	8.16
sarawak-01-66.wav	endak lah mek tauk pelik juak owh	1.31
sarawak-01-67.wav	rozita che wan madah camtok dalam twitter ka apa kah nya madah orang tek nanyak “bukan pantang ka kenak kau berik anak minum susu formula kenak sik berik breastfeeding ”	15.88
sarawak-01-68.wav	aok nya sik berik susu ibu	0.88
sarawak-01-69.wav	orang ya tek bodo juak sik kan lah masa tengah pureen chak-chak tek nya tengah mukak baju pasya nak berik nenen nak	8.42
sarawak-01-70.wav	aok eh	0.53
sarawak-01-71.wav	ya pun bodo juak satu	1.58
sarawak-01-72.wav	mun sik nya ngepam lah dolok ngepam susu ibu dolok engkah dalam botol	4.91
sarawak-01-73.wav	ya lah dipadah oleh rozita che wan	1.06
sarawak-01-74.wav	sik lah orang lalu nak berik susu formula nak	2.28
sarawak-01-75.wav	aok eh pelik dapat kah nya nangga dengan mata kasar susu formula dengan susu ibu	4.52
sarawak-01-76.wav	aok penauk juak orang penonton tok	2.36
sarawak-01-77.wav	yalah over ya lah tek	1.58
sarawak-01-78.wav	dah ya apa gik ditunjok rancangan ya tek dah abis kah rancangan ya	2.9
sarawak-01-79.wav	dah abis dah sebab nya aqiqah lah last	3.16
sarawak-01-80.wav	oh aqiqah last abislah sikda apa-apa gik	2.72
sarawak-01-81.wav	ada nangga baju nya	1.01
sarawak-01-82.wav	sikda koh kamek nang sikda nangga rancangan ya	2.32
sarawak-01-83.wav	instagram si rozita che wan ya baju nya lok baju nya nang kacak tapi nya nang gemok lah sekpat padah apa gik	6.23
sarawak-01-84.wav	badan orang baruk lekak beranak	1.14
sarawak-01-85.wav	rizman ruzaini molah bajunya nang gossip mena taduak tok owh suk kita duak ngan rozita che wan okay kitak tauk sik rozita che wan dah sikda gik ngan safi rania gold	9.03
sarawak-01-86.wav	safi rania	1.06
sarawak-01-87.wav	sekda	0.62
sarawak-01-88.wav	apalah dipakey nya kinek tok	1.23
sarawak-01-89.wav	sik lah kamek tauk apa dipakeynya tapi kitak tauk siapa tekak lok siapa	5.17
sarawak-01-90.wav	siapa ney lah kamek tauk	1.58
sarawak-01-91.wav	tunang kitak sangat meminatinya	1.58
sarawak-01-92.wav	siapa	0.7
sarawak-01-93.wav	apa nama ompuan ya tek owh	3.33
sarawak-01-94.wav	kamek sik tauk namanya	1.23
sarawak-01-95.wav	muka nya kacak nora danish	2.02
sarawak-01-96.wav	oh nora danish oh patutlah kamek nangga instagram nya tadik ada safi rania gold	5.53
sarawak-01-97.wav	buat pengetahuan kitak kamek membeli semua benda nya bukan sebab rozita che wan ataupun nora danish tapi kamek rasa macam	7.67
sarawak-01-98.wav	kitak ingin mok jadi artis juak kali	1.49
sarawak-01-99.wav	kamek rasalah tapi apa boleh buat kamek tok kerja kat tempat lain tek nak nak jadi penyanyi sikda orang lalek agik camney nak jadi penyanyi academician sik boleh menyanyi pasya tek pasya beli lah kamek yalah kamek gembira tek paduhal tek kamek sama level dengan nora danish sik kan ada rania gold rania diamond pasya diamond ya kan ziana zain	25.71
sarawak-01-100.wav	owh ziana zain tek ada juak	2.28
sarawak-01-101.wav	ya kamek pelik camney range orang makey diamond maksud nya mudak agik daripada rozita che wan	5.09
sarawak-01-102.wav	diamond untuk orang tua kali nak	2.1
sarawak-01-103.wav	ziana zain tua gik daripada rozita che wan kah	1.85
sarawak-01-104.wav	mesti lah	1.49
sarawak-01-105.wav	ya kah	0.62
sarawak-01-106.wav	ziana zain anak dah brapa orang dah lima orang kah anaknya nak	3.76
sarawak-01-107.wav	mena ka oh	1.5
sarawak-01-108.wav	ziana zain tua gik	1.84
sarawak-01-109.wav	 so gold adalah middle lah tek tengah-tengah lah tek"	3.07
sarawak-01-110.wav	kali juak diamond atas gik dari gold bah mun kitak nangga susunannya mesti permata dolok baruk gold emas nak lepas permata baruk emas	9.56
sarawak-01-111.wav	oh	0.62
sarawak-01-112.wav	 so permata lah paling tua lah kononnya"	2.89
sarawak-01-113.wav	 mummy gago juak makey kamek pun ya kamek madah ngannya “mi kitak maok jadi ziana zain kah kitak maok jadi rozita che wan mun kitak nak jadi rozita che wan kitak pakey gold mun kitak nak jadi ziana zain kitak pakey diamond”"	12.11
sarawak-01-114.wav	bedal ajak mummy pakey ajak semua	3.07
sarawak-01-115.wav	tauk sik kitak nya macam bertapok	6.05
sarawak-01-116.wav	bertapok apa	1.14
sarawak-01-117.wav	nya ambik pencuci muka kamek cayak sik kitak nya tek nak makey padahlah kita tek nak makey nak boh lah betapok-tapok nak tekan jak lah sia sikda lah kamek kisah pun tapi yalah tek berbalik kepada crita kita tadik nak rozita che wan crita kita tek owh	12.2
sarawak-01-118.wav	aok melelat dah ke nak ya tek kotan makey safi rania tek nak	4.21
sarawak-01-119.wav	aok lah tek sik tauk lah kamek kinek tok mun si sekali nangga tek lalu buntin gik nangga kitak instagram nya kelak ada pregnancy test lalu ada engkah nak ada double line	9.0
sarawak-01-120.wav	dah nya maok branak cepat gik nak	1.84
sarawak-01-121.wav	ndak ku brani	1.14
sarawak-01-122.wav	nya takut bah takut nya menopos orang dah berumur yalah maok cepat-cepat	6.93
sarawak-01-123.wav	apa disuka gilak orang dengan rozita che wan ya	2.81
sarawak-01-124.wav	sebab nya kacak ajak sebab yalah orang suka	2.1
sarawak-01-125.wav	kacak kah nya	0.71
sarawak-01-126.wav	badannya kacak figure nya ada bentuk badannya	3.59
sarawak-01-127.wav	tapi nya dah gemok	1.14
sarawak-01-128.wav	yalah dah beranak gemok lah nya klak kitak nangga nya jaga badannya gik macam ney tapi sempat ndak kah nya nak nyaga badannya mun nya dah nak branak gik owh	9.22
sarawak-01-129.wav	yalah tek sapa nama nya	3.59
sarawak-01-130.wav	astro tok pun macam-macam juak lah ambik rancangannya tapi nya tauk orang maok nangga	4.04
sarawak-01-131.wav	rancangan pureen chak-chak eh kitak tauk sik nya ambik recording ya dekat atas katil pasya tek nak si zain tek gurin kedak apa jak atas ya perlu kah ko ambik scene ya	11.32
sarawak-01-132.wav	romantik lah tek	1.58
sarawak-01-133.wav	ya lah tek	0.57
sarawak-01-134.wav	ya lah	0.48
sarawak-00-1.wav	zul ada sik kitak nangga dalam facebook pasal qz8501 ya eh	4.76
sarawak-00-2.wav	ada kamek nengar terkejut kamek nengar ari ya koh	2.28
sarawak-00-3.wav	ya allah kitak nengar dari sapa	2.13
sarawak-00-4.wav	kamek bangun-bangun tido hari ahad ya lalu kamek tek turunlah dibah ingat tek nak breakfast tek sekali mek turun-turun dibah tek tangga mek tv apa benda tok ada belon ilang agik tok ingat tek macam tek ingat tek orang main-main bulak-bulak ajak sekali nangga tek aih bila check mek balit tangga mek dalam twitter tangga mek dalam facebook aih orang madah mena paduhal ne ndak macam san juaklah nyawa nengar mula-mula benda ya	24.2
sarawak-00-5.wav	kamek eh tedah eh dahlah kita ada mh370 yang ilang-ilang sik datang ya	6.08
sarawak-00-6.wav	sampe kinek tok sik temu	1.3
sarawak-00-7.wav	lepas ya mh17 kenak tembak orang o tedah pasya kinek tok qz8501 dah lah air asia nasib bait lah air asia ya indon mpun tapi sama juaklah namanya datangnya dari sine mestilah dari malaysia	12.12
sarawak-00-8.wav	dari malaysia juak	0.56
sarawak-00-9.wav	 brand nya malaysian pun bah pasya tek nak  apa namanya tek  berapa orang tek seratus brapa"	8.06
sarawak-00-10.wav	sik pasti juak kamek brapa orang	0.88
sarawak-00-11.wav	166 orang	1.46
sarawak-00-12.wav	orang malaysia ada juak lam ya	1.53
sarawak-00-13.wav	sorang jak tapi sebenarnya nak orang malaysia ya bukan orang malaysia pun kamek nangga siapa kah madah dalam meletop crita dalam meletop nak nya madah orang tok tek nya ada bapak dengan anak bapa nya singaporean anak nya malaysian ok lepas ya emaknya indon dua orang daknya tek empat nak pegi ke singapore pasya empat orang tok dua orang-mak ngan anak pompuan bapak ngan anak laki pasya flight lain-lain	35.81
sarawak-00-14.wav	belon lain-lain	2.16
sarawak-00-15.wav	lepas ya so termasuk skali lah malaysian sorang tek singapore sorang yalah duak orang tek nya bukan eh singapore ka singapore ka uk oh tapi yang penting nya bukan orang indon lah yang malaysian ya bukan orang malaysia yang tulen lah pasya kitak ada nangga sik gambar ya allah astagfirullahalazim	18.75
sarawak-00-16.wav	yalah kamek sik rajin nak nangga facebook sian mek nangga	2.72
sarawak-00-17.wav	kitak tauk sik nya mpun muka nak tengkorak jak	3.81
sarawak-00-18.wav	aih	0.53
sarawak-00-19.wav	pasya aok mena-mena tengkorak muka nampak tengkorak disiarkan oleh berita vietnam camney facebook boleh nak	6.52
sarawak-00-20.wav	siney daknya roleh nakya mayat ambik dari laut ya kah	3.53
sarawak-00-21.wav	ya eh kitak tauk sik nya ngambik camne nya ambik mayat kedak nya ngambik ikan eh angkat tarit pegi atas	7.41
sarawak-00-22.wav	memang isi dah habis di makan ikan ya kali	1.21
sarawak-00-23.wav	sikda	0.89
sarawak-00-24.wav	ya tinggal tengkorak jak ya	0.19
sarawak-00-25.wav	isi badan ok muka jak	2.46
sarawak-00-26.wav	muka nya sikda	0.83
sarawak-00-27.wav	pasya kesian nang kesian lah tapi macam ibohlah kita sampe engkah benda macam ya dalam facebook nak	4.21
sarawak-00-28.wav	aok ndaklah mek mok nangga sikda selera mek makan klak	2.59
sarawak-00-29.wav	kamek nangga jaklah apa benda ya semua pasya tek ada sigek gik tiga orang family tiga tiga family ya se family lah tok sorang kanak-kanak ompuan palak sikda kaki sikda badan jak ada	11.72
sarawak-00-30.wav	aih aduh	1.2
sarawak-00-31.wav	pasya mak bapaknya ada ada badan	4.03
sarawak-00-32.wav	tapi dapat juak dikenalpasti tek owh	2.49
sarawak-00-33.wav	dapatlah nya menggunakan gigi dan rambut sik apat kitak nak nguna muka ne ada muka agik ne nampak muka agik dah lepas ya tek nak apa tek o knek tok dah di stop qz8501	12.59
sarawak-00-34.wav	owh dah di stop owh	0.62
sarawak-00-35.wav	brapa bulan owh masa ya owh brapa minggu jak owh	3.23
sarawak-00-36.wav	lamak juak lah nak sik brasa bah	1.37
sarawak-00-37.wav	sebulan	1.16
sarawak-00-38.wav	ada kali lebih sebulan kali nak owh	2.2
sarawak-00-39.wav	tedah owh nangga cdaknya o ya lah pasya nakkahlah faizul pegi nak sibu ariya tek nak nya madah eh dalam masa setengah jam ya eh nya rasa nya nak mati sebab belon macam kedak orang kedak belon nak macam terhoyong hayang	12.68
sarawak-00-40.wav	terhoyong hayang ya	0.66
sarawak-00-41.wav	aok nang gila pun nak ya eh sebab kan hari hari ujan pegi hantar nya ya pasya mummy kamek sebelum nak qz ya nakkah nya pegi miri	8.24
sarawak-00-42.wav	aok	0.42
sarawak-00-43.wav	pegi miri ke kuching	0.59
sarawak-00-44.wav	aok mummy pegi miri riya owhh	0.91
sarawak-00-45.wav	kitak tauk sik mummy madah nya nak aunty kamek eh cik aton kamek eh sampe madah camtok aku sik dapat gik nak berselawat aku mikir ap insurans”	9.8
sarawak-00-46.wav	aduh	0.23
sarawak-00-47.wav	“insurans ku sapa yang paling kaya anak ku anak ku duak orang ya laki ku kaya lah sidak tok dapat insurans ku” ya dipikirnya	7.25
sarawak-00-48.wav	ya dipikirnya nya lok	0.16
sarawak-00-49.wav	bukannya nak beristighfar ka apakah mummy dah kecut dah pasya tek nak bila dah sampe rumah eh lalu nak aiman nak anak cik aton ya nak madah “kamek sik akan nait belon agik” masa ya nakkah masa ribut topan melanda ya	12.14
sarawak-00-50.wav	aok nya sik mok nait belon agik ya nak belon qz nak dah ditemu ya black box nya ada nak kotak hitam ya nak	6.73
sarawak-00-51.wav	ada tapi sidaknya madah nya macam turn macam berpusin aok berpusin pas ya eh no nya nait dengan keadaan sangat mendadak kelajuannya sangat tinggi pasya nya turun pup gugok terus	12.72
sarawak-00-52.wav	owh sikda papa rakaman kah kotak itam ya sora-sora orang ka apa	5.71
sarawak-00-53.wav	nya sik nya madah camtok indonesia ya nya madah	3.22
sarawak-00-54.wav	adam air	0.7
sarawak-00-55.wav	mh17 ya nakkah ada	2.21
sarawak-00-56.wav	ada nya sia kah	0.86
sarawak-00-57.wav	mh17 nakkah ada sora	1.64
sarawak-00-58.wav	bena kah	0.66
sarawak-00-59.wav	mh370 hilang sik eh	1.34
sarawak-00-60.wav	kitak pernah nengar kah	0.54
sarawak-00-61.wav	sik mh370 nak ya jak owh ya nak dari stesen kawalan ajak	4.13
sarawak-00-62.wav	aok kitak pernah nengar kah mh17 ya sikda nak daknya sik akan menyiarkan benda-benda camya bah	4.39
sarawak-00-63.wav	aok yalah tek	1.23
sarawak-00-64.wav	 apa nama nya tek  bila keadaan macam tok nak lalu tetiba kitak nengar nak ada brita nak madah nak ya lah landing sigek kaki lah	8.43
sarawak-00-65.wav	biasalah ya lalu lah	1.92
sarawak-00-66.wav	aok kamek pelik owh kenak macam ya macam pilot macam takut jak aok apahal kah	4.09
sarawak-00-67.wav	sikit jak benda lalu semua orang kecoh lepas tok	3.22
sarawak-00-68.wav	eh ada jet jet ada nangga sik jet jet sepuloh orang maut	4.6
sarawak-00-69.wav	ah	0.26
sarawak-00-70.wav	ff16 kah nak orang training ya bah cdak training sik tauk lah kamek dari siney tapi nya tegugok sepuloh orang dalam ya maut	8.66
sarawak-00-71.wav	aduh	0.46
sarawak-00-72.wav	aok	0.52
sarawak-00-73.wav	cdak apa training	1.44
sarawak-00-74.wav	ya macam tentera sidak bah kali tapi ya  orang nak ya lah   orang di negara luar lah	9.14
sarawak-00-75.wav	yalah kita nangga kinek tok eh mala jak kes gya owh lekak sigek sigek jak kita turun kerja pun orang sentiasa bercerita hal belon ya semua orang maok tauk update bah	11.04
sarawak-00-76.wav	pasya nak kitak tauk sik cdak nak disebabkan qz ya tek eh cdak indonesia nak nya mok kurangkan flight penerbangan untuk nakya penerbangan murah nya sik maok agik ya nya akan abolish	17.26
sarawak-00-77.wav	kenak nya tujuannya ngurang penerbangan murah kenak	2.29
sarawak-00-78.wav	nya rasa sik selamat	2.05
sarawak-00-79.wav	mun murah sik selamat mun mahal selamat lah	1.72
sarawak-00-80.wav	selamat lah kamek pun sik tauk pas ya tek semua orang indon	2.27
sarawak-00-81.wav	dah namanya ajal	1.23
sarawak-00-82.wav	lalulah sidak nya tek kenak interview tek nak lalu cdak indon madah camtok “manalah kami mau cari duit” nya madah camya nak “tambang mahal-mahal” daknya kan cdak pegi malaysia selalu pa suma ya	10.51
sarawak-00-83.wav	aok aok nang jak sidak nya nang	2.37
sarawak-00-84.wav	ya benda dah berlaku bah ya takdir gney nak molah sik apat angkat pun nak qz ya kitak tauk sik ktk tali belon eh pecah sik apat angkat benda ya benda ya terlalu dalam	10.11
sarawak-00-85.wav	owh dalam gilak	1.07
sarawak-00-86.wav	kitak tauk sik mayat-mayat nak dalam ya memang ada terperangkap nya enam puloh lebih orang jak dapat bah kinek tok setakat tok lah yang lain-lain ya biar jak lah	6.85
sarawak-00-87.wav	aok	0.31
sarawak-00-88.wav	dan mufti sidak nya pun madah biarkan ajak	2.81
sarawak-00-89.wav	 stop jak lah dah sik pat ambik"	1.36
sarawak-00-90.wav	sikboh sik sik sik boh diambik sik boh nak dikubo benda ya dah sikda lagik	2.53
sarawak-00-91.wav	kubo nya lah ditanah ya lah kubo nya lah di laut ya kubo nya lah	4.76
sarawak-00-92.wav	jaik ati dengan orang lain ya owh	1.33
sarawak-00-93.wav	ya lah tapi sedih lah dengan keluarga nya yang macam berharap maok dapat balit mayat sidaknya boleh molah boleh dikubo nak aa ya dimaok daknya ada tempat pakey sidak ngabas mun dah dikubo mun sik di kubo apa nk diabas kita aa yalah	17.93
sarawak-00-94.wav	kitak ada pegi cney-cney gik ka pakey aeroplane eh pakey belon	5.43
sarawak-00-95.wav	sikda koh belom kamek tok fikir nak travel lagik takut nyawa nenga kita pun takut nenga belon camya	7.59
sarawak-00-96.wav	tapi ya jak lah paling cepat pun nak pegi pasya apa nama nya tek makey belon nak pegi kl	9.17
sarawak-00-97.wav	mula-mula dolok orang segal kes malaysia airlines orang nait air asia	4.97
sarawak-00-98.wav	aok eh	0.41
sarawak-00-99.wav	tok dah air asia agik orang nak nait belon apa gik	3.58
sarawak-00-100.wav	terpaksalah nak	1.11
sarawak-00-101.wav	terpaksalah gney-gney pun doa tawakal ajak	2.49
sarawak-00-102.wav	sik kan lah kita nak pakey kapal pegi ke jeddah pakey kapal	2.62
sarawak-00-103.wav	mun key kapal tenggelam arus laut gik	2.3
sarawak-00-104.wav	aok sama juak	0.44
sarawak-00-105.wav	ombak laut gik kita	1.37
sarawak-00-106.wav	dekat jalan raya pun mun kita dah nak mati ajal kita tiba mati juak nak	3.51
sarawak-00-107.wav	ya lah	1.31
sarawak-00-108.wav	apa nama ya tek kamek ari bila owh hari marek kamek pegi apa namanya	10.52
sarawak-00-109.wav	 airport"	0.3
sarawak-00-110.wav	lapangan terbang aok airport pegi sia tapi sik rami lah orang kamek rasa macam	4.69
sarawak-00-111.wav	dah sik laku gilak kali orang nait belon time tok	2.09
sarawak-00-112.wav	macam orang yang penting jak pegi ko mun sik penting sik payah pegi vacation	3.63
sarawak-00-113.wav	hmm	0.16
sarawak-00-114.wav	camya lah mummy madah pahal orang sikit owh mena sik banyak orang bah	4.39
sarawak-00-115.wav	banyak orang postpone nak ya belon kali	2.49
sarawak-00-116.wav	mena kah boleh postpone kah	1.88
sarawak-00-117.wav	boleh asal ada duit boleh ajak postpone asal sidak nya rasa dah daknya sidak rasa nak nait belon dolok sik nya maok pegi dolok bukan kitak sik tauk penerbangan murah orang suka beli tiket awal bah	11.49
sarawak-00-118.wav	yang si razip ya dolok pegi ke maldives ya apa benda orang pegi mh370 tiba-tiba nya dapat tiket murah pegi maldives gila eh maok juak nak pegi owh eh pegi nak hari ya nak	9.87
sarawak-00-119.wav	pegi nya ya untong lah reya	1.27
sarawak-00-120.wav	apa ditemunya di maldives ya	1.44
sarawak-00-121.wav	raon rilek-rilek ajak tapi yala laut	2.54
sarawak-00-122.wav	owh	0.97
sarawak-00-123.wav	pulau	0.49
sarawak-00-124.wav	sekali nangga nemu mh370 sia kamek rasa nak mh370 ya memang nya dah gugok pun dekat pulau	8.31
sarawak-00-125.wav	kita sik tauk ya gik masih misteri kinek tok nang sampey kinek tok sik tauk apa-apa	3.51
sarawak-00-126.wav	nya memang gugok lepas ya nya gugok dalam kedalaman yang sangat dalam and sik dapat di detect agik gya lah sebenarnya kita sikpat nak ngarapnya disimpan oleh kerajaan u s apa semua sekda kamek rasa sik mungkin lah benda-benda camya banyak gik benda lain	17.2
sarawak-00-127.wav	mun nya nak nyimpan pun lamak gilak dah nya nyimpan ya	2.31
sarawak-00-128.wav	untuk apa	0.72
sarawak-00-129.wav	yalah	0.27
sarawak-00-130.wav	kakya nya nk merik makan orang ya gik	1.37
sarawak-00-131.wav	aok	0.8
sarawak-00-132.wav	camney sik kan nya nak nyuroh orang ya mati nak sik mungkin lah	2.74
sarawak-00-133.wav	sikda macam-macam juak teori orang ada orang madah ilang di angkasa lah apa lah	5.87
sarawak-00-134.wav	ya cerita bodoh-bodoh jak ya sik perlu di nak ya	5.09
sarawak-00-135.wav	yalah kesian nangga owh bayangkan mun kita kah dalam ya ahli keluarga kita kah dalam belon ya	5.74
sarawak-00-136.wav	ya allah ndak lah kamek tauk	2.04
sarawak-04-1.wav	zul ney mek nenga adik kitak tek dah beranak	3.65
sarawak-04-2.wav	aok baruk jak baruk ari marek	1.88
sarawak-04-3.wav	edeh brapa kilo nya tek zul	2.69
sarawak-04-4.wav	tiga point kosong sembilan kilo	3.14
sarawak-04-5.wav	ah ee besar eh	1.21
sarawak-04-6.wav	aok besar kah	0.35
sarawak-04-7.wav	tapi nya full tapi nya nang sembilan bulan lah	3.25
sarawak-04-8.wav	aok nang nang cun-cun sembilan bulan lebih sehari sebenarnya	2.97
sarawak-04-9.wav	oh tapi selalunya mun anak pertama nya akan sama ada nya cepat ataupun nya lambat	7.39
sarawak-04-10.wav	hmm nya mun diekot due date nya nya terlebih sehari dari due date nya	5.79
sarawak-04-11.wav	ya okay lah ya	1.53
sarawak-04-12.wav	yalah tek	0.79
sarawak-04-13.wav	nya macam ney nya sikda rasa sakit ndah apa	3.11
sarawak-04-14.wav	pukul ada nya rasa sakit pukul limak pukul limak pagi tiba-tiba “pup ” nya madah aok aek ketuban nya pecah	9.9
sarawak-04-15.wav	macam berbunyi kah	1.06
sarawak-04-16.wav	aok ada bunyi	0.72
sarawak-04-17.wav	wah	0.41
sarawak-04-18.wav	tapi sikit ajak lah sikda lah macam	1.79
sarawak-04-19.wav	macam terkemeh lah	0.93
sarawak-04-20.wav	aok nya macam sikit ajak	1.12
sarawak-04-21.wav	takut eh	0.3
sarawak-04-22.wav	aek sikit ajak aok lepas ya tek	1.7
sarawak-04-23.wav	sakit lah	0.94
sarawak-04-24.wav	belum sakit gik macam ilek-ilek jak nya	1.61
sarawak-04-25.wav	pelik eh aok	0.98
sarawak-04-26.wav	macam gik ilek-ilek gik mamai-mamai bangun tido kakya tek pergi lah ke normah tek dah pergi ke normah tek lepas ya tek pukul tujoh baruk nya start rasa macam perut nya sakit	14.44
sarawak-04-27.wav	pukul tujoh pagi	1.06
sarawak-04-28.wav	tujoh pagi baruk nya start rasa sakit perutnya lepas ya tek pukul tujoh ya tek tunggu lah yalah adik mek lalu kamboh juak di sia	9.43
sarawak-04-29.wav	apa namanya ompuan ka laki	2.71
sarawak-04-30.wav	 baby pompuan"	1.47
sarawak-04-31.wav	yarabbi	0.93
sarawak-04-32.wav	pukul sepuloh pagi nya lahir	1.61
sarawak-04-33.wav	o tedah nakya pa nama adik kitak nombor duak kitak dah jadi uncle lah tek	5.65
sarawak-04-34.wav	aok nang lah	1.79
sarawak-04-35.wav	mesti mak kitak gembira nak	1.99
sarawak-04-36.wav	aok nya cucuk nya	1.3
sarawak-04-37.wav	o tedah	0.35
sarawak-04-38.wav	dah orang dapat cucuk ney ndak gembira	1.44
sarawak-04-39.wav	cucuk pertama nunggu kitak lambat gilak malas nak berbini	5.09
sarawak-04-40.wav	eh orang gik enjoy	1.53
sarawak-04-41.wav	yalah tek apa namanya macam apa nama nya ya tek miera eh munirah	5.64
sarawak-04-42.wav	munirah adik ipar kamek	1.54
sarawak-04-43.wav	aok nya macam senang jak beranak owh macam kamek dolok susah lalu nak beranak anak pertama nak kitak tauk sik kamek pegi kat klinik ya tiba-tiba nya madah aek ketuban kamek sangat sikit dan takut nya lemas nya bukak jalan ya allah bukak jalan ya macam nya mengoyakkan aek apa ketuban ya nak	19.31
sarawak-04-44.wav	aok	0.69
sarawak-04-45.wav	nya pun salur ya nya bukak kan sikit nya guna apa tauk knife nya guna pisau	5.06
sarawak-04-46.wav	nya guna pisok	0.62
sarawak-04-47.wav	aok pisok macam kedak orang gila kamek rasa kamek macam kedak orang disayat hidup-hidup disayat disayat hidup-hidup faham tak	6.44
sarawak-04-48.wav	aok	0.71
sarawak-04-49.wav	pas ya tek nak pasya kamek tek “ahh ” kamek madah camya nak pasya balit ya kamek bergegar-gegar berdarah-darah jak	7.02
sarawak-04-50.wav	aok	0.37
sarawak-04-51.wav	kamek disurohnya balit	0.71
sarawak-04-52.wav	disuroh balit lepas ya	1.46
sarawak-04-53.wav	balit pasya ambik baju pasya datang gik ke hospital	1.98
sarawak-04-54.wav	pelik juak sik di sik di admit terus	3.11
sarawak-04-55.wav	sik sebab mek sikda ambik baju	1.83
sarawak-04-56.wav	mek nangga adik ipar kamek syukur alhamdulillah senang ajak nya mek nanyak ngan nya gney rasa tek beranak tek nya madah waktu contraction jak sakit katanya lepas ya sekda pa pa gik tanyak mek nganny ”kitak makey epidural kah ” sikda nya makey aih bagus juak tek	16.15
sarawak-04-57.wav	kamek dolok bodoh sekali mintak epidural indah apa tek konok pandey gilak blaja epidural ya pakey nahan sakit tek nak aok “ada tok ah tanggong risiko dirik pun ah” kata doktor tek nak “aok tanggonglah ” kata kamek tek nak tanggong-tanggong sekali nangga aku yarabi kamek gik ilek jak	15.15
sarawak-04-58.wav	sikda rasa	0.69
sarawak-04-59.wav	epidural ya sangat menenangkan jiwa kamek pasya tiba-tiba student datang empat orang dari nak kah di hukm nak so student ya madah “kitak beranak kitak di siney ” “owh kamek lecturer dekat unimas ” lalu berkelaka hal ya ndah bodo sik	12.69
sarawak-04-60.wav	aok	0.64
sarawak-04-61.wav	macam sikda perasaan kamek nak beranak padahal kamek pun aek ketuban ya dah sikda	2.98
sarawak-04-62.wav	sebenarnya tengah sakit	1.76
sarawak-04-63.wav	sik nya sik sakit padahal contraction nya sangat kuat tapi kamek sik push pun	4.86
sarawak-04-64.wav	sebab kitak sikda rasa apa-apa ney dapat nak push	2.34
sarawak-04-65.wav	tapi akhirnya arifah jadi kedak biru lah tek mukanya	5.34
sarawak-04-66.wav	aok nak lemas	1.44
sarawak-04-67.wav	aok masok icu lah dalam masa tujoh hari	3.35
sarawak-04-68.wav	aok	0.12
sarawak-04-69.wav	yalah kamek macam rasa beranak tok satu benda yang rasa	6.33
sarawak-04-70.wav	susah nak	0.16
sarawak-04-71.wav	menjadi tekanan kepada hidup kamek	1.86
sarawak-04-72.wav	aok	0.18
sarawak-04-73.wav	rasa kedak ya lah apa nama	2.19
sarawak-04-74.wav	ney apabila kita nenga orang lain beranak tang senang jak nak owh	3.2
sarawak-04-75.wav	yalah macam kamek beranak nombor duak agik terok scissor lagik ya	4.01
sarawak-04-76.wav	aok	0.56
sarawak-04-77.wav	ya lagik songsang mala jak pegi ke bidan mala musin-musin perut	4.65
sarawak-04-78.wav	sik juak dapat	0.75
sarawak-04-79.wav	sik juak dapat dipusin-pusin nya tapak tapak atas  apa nama ya  atas perut kita eh tapak ya dipusin bukannya pusin perut nya	8.93
sarawak-04-80.wav	aok	0.14
sarawak-04-81.wav	nya musin tapak konok-konok nya tek baby ya ngekot tapak	3.24
sarawak-04-82.wav	aok	0.27
sarawak-04-83.wav	ada coba kitak madah ngan kamek coba kitak menjelaskan ngan kamek	3.2
sarawak-04-84.wav	ney kamek tauk kamek bukan orang bidan	2.71
sarawak-04-85.wav	kah macam bayang-bayang kan orang madah baby kita dapat nangga bayang-bayang	4.72
sarawak-04-86.wav	sik tauk eh sik tauk kamek hal benda-benda camya	2.06
sarawak-04-87.wav	macam magic jak nak owh	1.04
sarawak-04-88.wav	hmm tapi yalah orang tua dolok-dolok selalu madah nang ada juak gya	3.86
sarawak-04-89.wav	yalah pa namanya tek sik tauk lah kamek bila kamek nak beranak gik	6.23
sarawak-04-90.wav	tapi yalah tek ha baby ya tek kenak kunin	3.11
sarawak-04-91.wav	ya allah anta lah kat hospital	2.72
sarawak-04-92.wav	aok lah tengah admit hospital gik masih di hospital lah nya di hospital ajak sampey kunin nya turun sian juak nangga nya	6.79
sarawak-04-93.wav	kenak kitak x berik nya aek anggur hijau	2.68
sarawak-04-94.wav	aok	0.29
sarawak-04-95.wav	berik kitak engkah cap-cap ke mulutnya mena aek anggur hija surohlah bapak kitak beli	4.81
sarawak-04-96.wav	ada orang madah	0.77
sarawak-04-97.wav	aek susu kambing yang fresh belilah	3.76
sarawak-04-98.wav	ya juak lah orang madah tapi paling bagus susu ibu sebenarnya nak	2.49
sarawak-04-99.wav	sepatutnya tapi susu ibu mun dapat jangan makan apa-apa jamu dolok lah	4.39
sarawak-04-100.wav	yalah	0.68
sarawak-04-101.wav	minum aek periok boleh kitak maok aek periok ka kamek ada aek periok di rumah	3.23
sarawak-04-102.wav	ya mek sik tauk kamek rasa dah ada semua benda dirumah	1.36
sarawak-04-103.wav	kenak mak kitak dah beli belom	1.75
sarawak-04-104.wav	kamek rasa dah ada semua dah sebab mek ada nangga cuma mak kamek sik suroh nya minum dolok	4.74
sarawak-04-105.wav	jangan dolok aok aok	0.35
sarawak-04-106.wav	takut kenak baby bah	1.06
sarawak-04-107.wav	kunin bah sebab nya jamu bah nya sik tauk lah apa kaitan jamu dengan jaundis	5.88
sarawak-04-108.wav	mestilah kali nya mbak effect bah keluar dalam susu nya diminum gik baby kelak lain gik jadinya	6.72
sarawak-04-109.wav	tapi ya allah rasa kepak lah nyawanya kelak	3.3
sarawak-04-110.wav	hmm	0.26
sarawak-04-111.wav	kitak akan nangga nya sentiasa ber dengan tola ngan aek susu melimpah-limpah	5.65
sarawak-04-112.wav	sik banyak glak susunya	0.89
sarawak-04-113.wav	sik nya nang macam ya kamek dolok eh first day kamek nakya nang sikda aek langsung tapi kitak kenak tune otak kitak mikey kitak ada baby bah	10.29
sarawak-04-114.wav	aok	0.46
sarawak-04-115.wav	pasya bila kitak nenga baby ya nangis automatically kitak pun otak akan synchronise dengan semua ya and akan keluarkan susu ibu lah	8.15
sarawak-04-116.wav	aok	1.31
sarawak-04-117.wav	ya yang penting nya mesti ada bonding nya bah	3.56
sarawak-04-118.wav	ya lah kamek mesan dengan adik ipar kamek	1.25
sarawak-04-119.wav	nya mesti embak baby ya	1.69
sarawak-04-120.wav	kitak mesti sentiasa dekat dengan baby ya sentiasa ngembak nya	3.3
sarawak-04-121.wav	camney lah dengan baby ya kinek tok minum aek apa	1.89
sarawak-04-122.wav	maok lah juak susu ada juak tapi ada juak di pam	2.9
sarawak-04-123.wav	mesti mok di pump mesti mok di pump	1.22
sarawak-04-124.wav	yalah di pump juak lah	0.88
sarawak-04-125.wav	daripada kitak nge pump nya secara paksa bagus kitak nyuroh baby ya stimulate macam sucking bah	6.59
sarawak-04-126.wav	ya lah tek berik rangsangan ngannya	2.17
sarawak-04-127.wav	rangsangan bah	0.68
sarawak-04-128.wav	camya lah ya lah kamek sik sabar nunggu baby ya balit rumah gik	3.86
sarawak-04-129.wav	ada nya ritok kali nak	1.72
sarawak-04-130.wav	belom gik kali	1.17
sarawak-04-131.wav	kelak lah	0.48
sarawak-04-132.wav	doktor tek madah esok kali baruk nya dapat balit	3.28
sarawak-04-133.wav	tauk jak lah kitak ya siney hospital	3.57
sarawak-04-134.wav	swasta	0.61
sarawak-04-135.wav	sak jak swasta	1.37
sarawak-04-136.wav	dapat nya ambik duit ekstra	0.79
sarawak-04-137.wav	sehari berapa tapi heran kamek koh sesco banyak nya duit sesco owh tang ada-ada nak bayar beranak okay	8.18
sarawak-04-138.wav	nang semua staf nya	0.72
sarawak-04-139.wav	mun sepuloh orang beranak camney	1.34
sarawak-04-140.wav	nang semua staf nya di normah camney lah nak molah lagik	2.35
sarawak-04-141.wav	kali ada memorandum of understanding kali ku rasa	3.49
sarawak-04-142.wav	kak zu	0.6
sarawak-04-143.wav	aok ambik panadol pun pegi ambik normah	2.04
sarawak-04-144.wav	semua normah laki nya kerja sesco	3.05
sarawak-04-145.wav	best owh	1.55
sarawak-04-146.wav	nang best sidak ya semua pakey normah dekat bah tapi lagik sigek bagusnya normah ya dekat ngan rumah kamek orang	6.74
sarawak-04-147.wav	yalah	0.37
sarawak-04-148.wav	apa-apahal nak baby terus mbak ke sia bah sik sampey limak minit senang kamek orang nak ngabas pun senang juak sebab nya dekat dengan rumah	7.32
sarawak-04-149.wav	nya bersi juak	0.81
sarawak-04-150.wav	bagus bah sikda macam orang nak menghalang kita nak melawat kah pa pa kah namalah swasta nak	7.59
sarawak-04-151.wav	tapi  apa ya tek  rasa macam rindu juak kamek nak cium bau baby koh ingin juak kamek nak beranak tapi macam ah tidak susah beranak sakit kamek sik maok tapi kamek maok ada baby lah	10.43
sarawak-04-152.wav	sik boh lah mikey sakit dolok	1.52
sarawak-04-153.wav	lepas ya masalahnya lagik satu bila kitak ada baby siapa nak jaga anak kitak mun nya dah besar kitak perlu hantar nya ke taska pasya nursery gik masalah lain gik adoh adoh zul	10.82
sarawak-04-154.wav	ya semua ibu bapa akan ada mikey benda ya bah	2.51
sarawak-04-155.wav	kamek ada duak orang anak ya kamek lelah nak jaga macam expenses yang sangat tinggi untuk anak sorang jak anak dah brapa dah	9.28
sarawak-04-156.wav	 baby ya jak pun mek nangga dah macam-macam dah perlu dibeli dah"	4.04
sarawak-04-157.wav	apahal kitak nanyak kamek pasal gripe water ya	2.14
sarawak-04-158.wav	aih nak ya mak kamek eh adik kamek reya nya mesej kamek nanyak suroh beli benda ya	6.99
sarawak-04-159.wav	pakey apa	0.76
sarawak-04-160.wav	pakey cuci mulut baby tapi bukan gripe water sebenarnya nak	2.89
sarawak-04-161.wav	oh bukan bukan nak ya	1.73
sarawak-04-162.wav	nya ada aek sigek ya ada kamek beli senapang tiga kah apa namanya	3.24
sarawak-04-163.wav	gliserin	0.55
sarawak-04-164.wav	 gliserin water"	1.21
sarawak-04-165.wav	aok nya macam kitak lap-lap mulutnya jak mun nya ada susu lah mun sikda susu ya jangan	6.95
sarawak-04-166.wav	tauk sik kitak ada jenis nak baru pun kinek tok	2.69
sarawak-04-167.wav	nya pakey spray	0.46
sarawak-04-168.wav	nya bukan aek camya nya kitak pasang dekat jari nya macam instant gliserin ya tek pasang kat jari dan bila kitak pasang kat jari kitak terus sapu dalam mulut baby	12.03
sarawak-04-169.wav	pasang maksudnya dari bottle	1.61
sarawak-04-170.wav	sik nya daripada pek nang dah instant untuk dimasok dalam jari jak	3.08
sarawak-04-171.wav	owh	1.51
sarawak-04-172.wav	terus lap	0.84
sarawak-04-173.wav	bagusnya	1.34
sarawak-04-174.wav	tapi mahal lah mun kitak beli nak dalam botol ya	1.98
sarawak-04-175.wav	kitak beli kat siney	1.02
sarawak-04-176.wav	mummycare	0.94
sarawak-04-177.wav	ya allah kamek beli drugs store jak pun	1.81
sarawak-04-178.wav	nak kah dalam botol biasa ya dalam tiga ringgit lebih nak	3.78
sarawak-04-179.wav	aok	0.54
sarawak-04-180.wav	nak benda ya tek	1.21
sarawak-04-181.wav	enam ringgit tujoh ringgit	0.97
sarawak-04-182.wav	sik duak puloh lebih	1.04
sarawak-04-183.wav	mahal buang masa aku jak	1.8
sarawak-04-184.wav	mahal juak lah tapi senang	1.27
sarawak-04-185.wav	o tedah kamek lamak dah sik ke mummycare apa dibeli kitak mummycare ya	3.02
sarawak-04-186.wav	anak kitak dah besar sikdalah beli lah beli krim nya sikit krim nak ya pakey adik ipar kamek lah	10.79
sarawak-04-187.wav	nak ya apa nama ya tek	1.25
sarawak-05-1.wav	leha kitak neman kamek gi klinik lok sik sihat nyawa mek tok	4.02
sarawak-05-2.wav	aie apahal kitak	1.47
sarawak-05-3.wav	sik tauk eh start datang batok tok eh dari hari marek	3.55
sarawak-05-4.wav	aie	0.46
sarawak-05-5.wav	hm kitak rasa kedak ne macam ne rasa kitak dari malam tadik kah	5.51
sarawak-05-6.wav	aok malam tdik nya start rasa gatal2 rah tekak pas ya lalu lah batuk	4.32
sarawak-05-7.wav	eee mok kitak tuberculosis nak	2.16
sarawak-05-8.wav	eh ndak lah lalu nak madah giya ju lah gi klinik lok	3.27
sarawak-05-9.wav	lajulah klinik sine kitak nak pergi tok paling dekat panel panel	6.1
sarawak-05-10.wav	gi klinik panel jak oh sik perlu bayar k unimas pun	3.48
sarawak-05-11.wav	aok lah ju lah ju kita pergi	1.07
sarawak-05-12.wav	aok	0.32
sarawak-05-13.wav	bah dah doktor nangga tek apa kenak tek apa crita tek	3.21
sarawak-05-14.wav	ee doktor madah jangkitan kuman biasa jak nya madah	3.67
sarawak-05-15.wav	oooo ingat tuberculosis tek	1.74
sarawak-05-16.wav	nya berik- nya sik nyuruh makan antibiotic dolok sbb gik mula2 bah nya madah so minum aik bnyak jak makan ubat batuk jak lah katanya	8.8
sarawak-05-17.wav	yalah tok nakya antibiotics ya jangan lah kitak nak ya skip kelak resistant kah kelak apa kah susah gik kelak	7.97
sarawak-05-18.wav	yalah tauk jak kitak lah kuman kinek tok mun dah berik antibiotic ya mesti makan mun sik makan kelak lalu lain jadi nya makin teruk kelak	8.64
sarawak-05-19.wav	tapi kamek rasa kitak macam pelik jak oh kamek rasa macam kitak over sakit macam melampau jak	6.5
sarawak-05-20.wav	sikla sebab kamek jarang sakit	1.58
sarawak-05-21.wav	ada nak ya sik symptom bleed kah keluar darah kah	3.97
sarawak-05-22.wav	sikda sikda biasa jak kahak sikit ajak	2.37
sarawak-05-23.wav	bukan kitak madah kitak dolok macam ada infection dekat lung yang macam chronic kah	4.71
sarawak-05-24.wav	ya dolok sik tauk juaklah dolok	1.95
sarawak-05-25.wav	yang dolok masa ya kitak xray gine	2.1
sarawak-05-26.wav	xray okay jak kata sidaknya	2.25
sarawak-05-27.wav	sikda apa apa clear lah	1.04
sarawak-05-28.wav	sikda apa clear jak biasa jak	2.3
sarawak-05-29.wav	yalah	0.51
sarawak-05-30.wav	ya lah kitak nangga orang kinek tok ya rupa rami orang di klinik tek oh	2.63
sarawak-05-31.wav	sebab masa tok kan lembap	2.78
sarawak-05-32.wav	yalah cuaca tok eh zaman tok banyak orang sakit	2.79
sarawak-05-33.wav	sik kitak nangga kah laptop kamek ber-fungi	2.21
sarawak-05-34.wav	fungi ya kulat kulat eh	1.78
sarawak-05-35.wav	ya lah kotan cuaca	1.37
sarawak-05-36.wav	ya rabbi kitak nangga cabinet kat rumah kamek eh putih jak ku pikir nakpa benda ingat pasir tek duhal paduhal fungi	7.01
sarawak-05-37.wav	yah kulat	0.81
sarawak-05-38.wav	ya rabbi kitak tauk sik kamek eh ambik kamek spray alcohol ada lah jual nak dettol bah skali kamek padah ngan mummy bagus kamek ambik nak dekat lab jak mbak rumah habis semua nak d-spray-spray sak sikda ber-fungi	13.75
sarawak-05-39.wav	embaklah alcohol tujuh puluh percent tek	1.94
sarawak-05-40.wav	yalahtek kelak mintak ngan sidak lab ya pas ya nak meli nak dehumidifier eh kamek meli kat giant pande mahal indah bagus ambik kat lab kita bah boleh ambik bah pa nama ya benda2 macam ya penting bah pas ya mun fungi bnyak bukan nya ngaco kita pun kesihatan	17.56
sarawak-05-41.wav	yalah dah kita nyedut nya ne nak masalah kita tok respiratory tract kita tok	4.85
sarawak-05-42.wav	macam ne ah apa terjadi mun kita terhidu fungi	2.92
sarawak-05-43.wav	mun nya dah masuk nya diam d peparu kita	2.97
sarawak-05-44.wav	ee ya allah menakah	1.4
sarawak-05-45.wav	kitak mok kah nya membiak lam ya	1.29
sarawak-05-46.wav	bukan nya macam benda ya macam jalan mati kah bukan nya macam mun nya dormant baruklah	6.97
sarawak-05-47.wav	ada nya mati adanya idup siklah suma nya mati	3.44
sarawak-05-48.wav	ee geli eh pas ya tek nak apa nama nya tek aok kitak sik nangga kah lam bilit- kelas marik ya ber-fungi ya allah kamek geli	10.87
sarawak-05-49.wav	aok eh kerusi ya	1.45
sarawak-05-50.wav	ya allah heh	1.55
sarawak-05-51.wav	bercepak-cepak jak	1.2
sarawak-05-52.wav	aok putih jak rupa nak oh	1.6
sarawak-05-53.wav	nakpa nama ya tek kitak nangga sik cardboard ya cardboard ya apa ber-fungi juak	4.69
sarawak-05-54.wav	oh aok papan putih ya	2.37
sarawak-05-55.wav	kembang-kembang	0.9
sarawak-05-56.wav	kembang ya maksud	0.89
sarawak-05-57.wav	kenak sembab ya	1.33
sarawak-05-58.wav	oh	0.51
sarawak-05-59.wav	kenak cuaca lembap gilak bah dalam ya memang berkulat juak ya jadi macam ya	4.72
sarawak-05-60.wav	ya allah	0.87
sarawak-05-61.wav	kasya ah apa nama ya tek musim tengkujuh sampe bila	3.56
sarawak-05-62.wav	yalah musim orang sakit tok	1.32
sarawak-05-63.wav	sampe tahun baru cina baruk nya habis nak oh tahun baru cina maksudnya	3.09
sarawak-05-64.wav	habis chap go meh	0.76
sarawak-05-65.wav	new year aa	0.81
sarawak-05-66.wav	habis chap goh meh trus panas ari tok baruk orang sihat semua tok kitak nangga kerek kanan orang sakit ajak mala	8.22
sarawak-05-67.wav	camne sidak di kubang pa nama ya tek kuala krai	3.73
sarawak-05-68.wav	oh nak sidak banjir ya	1.12
sarawak-05-69.wav	aok eh sidak ya eh ya allah ada e-coli eh pa benda juak ya eh menakah najib kenak e-coli	5.87
sarawak-05-70.wav	nok ya sik tauk lah juak mena kah sik tapi nya dah sembuh nak sidak madah	4.49
sarawak-05-71.wav	tapi e-coli boleh membunuhkah zul	1.8
sarawak-05-72.wav	yalah kamek sik tauk juak sik pasti	3.04
sarawak-05-73.wav	boleh kah sik nya	1.04
sarawak-05-74.wav	tapi nak ingat sik kitak ada nembiak kes student ya eh nok sidak ya madah nya terkenak infection of e-coli and the final diagnosis ya madah nya kenak infection of e-coli and then nya meninggal menakah	13.53
sarawak-05-75.wav	sik tauk	0.47
sarawak-05-76.wav	macam confuse jak benda-benda macam ya	3.24
sarawak-05-77.wav	macam nak dipercayak pun susah juak siktauk lah mun sidak mok cover apa-apa nak	4.46
sarawak-05-78.wav	aok ya lah tek	1.21
sarawak-05-79.wav	macam aok jak lah apa padah orang	2.09
sarawak-05-80.wav	sigek gik daripada nak e-coli ya lpas ya leptospirosis ya lagik lah teruk	5.75
sarawak-05-81.wav	datang dari sine leptospirosis ya	2.81
sarawak-05-82.wav	aie biasalah kan kita belajar rats apa nama ya tikus	3.71
sarawak-05-83.wav	ah tikus kencing tikus nak	1.83
sarawak-05-84.wav	aok eh kencing tikus	1.94
sarawak-05-85.wav	nang menakah dari kemeh tikus	2.35
sarawak-05-86.wav	aoklah eh nya factor yang	3.32
sarawak-05-87.wav	ka nama jak kencing tikus bukannya aek kencing tikus mena-mena	5.12
sarawak-05-88.wav	bukan lah	1.25
sarawak-05-89.wav	nya dimbak oleh	0.67
sarawak-05-90.wav	dibawak oleh tikus bukannya tikus ya kencing apa suma leptospirosis ya keluar dari kencing	5.68
sarawak-05-91.wav	aek kemeh nya	0.97
sarawak-05-92.wav	nya macam pegang barang pun nya udah boleh spread bah lepas ya nak ya camne nak sidak di sungai besi oh ingat sik kitak nak tepi-tepi jeraya eh ya allah camne dak nya makan makan tikus kali kita	12.33
sarawak-05-93.wav	aok eh	0.37
sarawak-05-94.wav	jeraya eh ya allah	1.12
sarawak-05-95.wav	oh	0.44
sarawak-05-96.wav	kamek sik mungkin akan makan kat tepi-tepi camya	2.43
sarawak-05-97.wav	yalah kamek tok kali sakit tekak ndak tauk juak kali apa gik jadi mun sik cuaca kah apa kah salah makan kah apa	8.46
sarawak-05-98.wav	so kinek tok	0.58
sarawak-05-99.wav	 aa"	1.89
sarawak-05-100.wav	tunggu lah masa antibiotics ya brapa hari	3.89
sarawak-05-101.wav	yalah	0.46
sarawak-05-102.wav	kedak ya recover lah oh	1.31
sarawak-05-103.wav	yalah tadik nya sikmok merik tapi kamek mok mintak juak antibiotics	2.5
sarawak-05-104.wav	ooh pahal nya sikmok merik	1.53
sarawak-05-105.wav	aie nya madah sik perlu dolok	1.71
sarawak-05-106.wav	sebab	0.83
sarawak-05-107.wav	tapi kamek tok ne pande lawan nak orang belajar hal ubat kamek mintak antibiotic dolok kamek mok bait cepat	5.41
sarawak-05-108.wav	nya camtok kitak perlu madah demam kitak sampe tiga hari baruklah nya berik kitak	5.84
sarawak-05-109.wav	aoklah baruk sehari bah	1.5
sarawak-05-110.wav	aoklah tek melawan kerajaan malaysia kitak ya	3.23
sarawak-05-111.wav	kitak pergi klinik ne tek kitak pergi sine tek oh	3.13
sarawak-05-112.wav	klinik ya astana tek	1.63
sarawak-05-113.wav	astana	1.07
sarawak-05-114.wav	ne gaya kamek tok sik tahan tekak kamek tok sakit batuk makan	4.6
sarawak-05-115.wav	ada sik sidak merik kitak nekya tek um pa nama	2.91
sarawak-05-116.wav	ubat nak pakey hisap ya kah	1.41
sarawak-05-117.wav	aok nak hisap ya	0.77
sarawak-05-118.wav	ada warna merah ya	1.92
sarawak-05-119.wav	aok bagus ya bah	1.31
sarawak-05-120.wav	bagus nang bagus tapi mun dah hujung-hujung ya pait rasanya	3.01
sarawak-05-121.wav	yalah tek	0.72
sarawak-05-122.wav	susah nak nelan benda ya aih	1.8
sarawak-05-123.wav	dahlah pill mahal dak nya cas mahal-mahal	3.25
sarawak-05-124.wav	yalahtek sikhal nasib baik bukan kita mayar	2.32
sarawak-05-125.wav	eh jangan kitak lalu exceed kelak terlebih bayar mampus kita malar jak sakit oh	5.67
sarawak-05-126.wav	aok eh pi ya lah kamek lom juak banyak juak makey bah tahun tok rasa kamek baruk ada skali duak jak pergi klinik banyak gik balance nya	9.85
sarawak-05-127.wav	kitak sik hal kitak sik beranak kamek	3.04
sarawak-05-128.wav	anak kitak sehat kah	1.53
sarawak-05-129.wav	hm di rumah ya kah okay lah tapi kamek nangga sidak di taska nya macam okay jak mun nya beringus kamek rasa kamek berik vitamins dolok kamek	12.33
sarawak-05-130.wav	taska ya yang mudah nak nyebar penyakit	2.54
sarawak-05-131.wav	kamek awal lah mencegahnya kamek ambik kamek berik lysozyme nak booster pakey immunity kita eh lepas ya nokya apa nama ya tek berik kamek vitamin c	11.52
sarawak-05-132.wav	darik dolok kamek carik lysozyme ya sine kitak meli	2.86
sarawak-05-133.wav	ada di pharmacy pa anam ya tek ee kat emart ya pharmacy apa tah	6.1
sarawak-05-134.wav	sine kat matang kah	1.29
sarawak-05-135.wav	aok eh jom pharmacy	1.83
sarawak-05-136.wav	oh jom pharmacy	0.78
sarawak-05-137.wav	lysozyme hydrochloride ya	1.96
sarawak-05-138.wav	kelak boleh lah kamek singgah ke siya beli berapa rega benda ya	2.84
sarawak-05-139.wav	tujuh ringgit sekeping ada sepuluh igek	2.58
sarawak-05-140.wav	sepuluh igek makan ya gine	1.9
sarawak-05-141.wav	makan macam gigit jak kunyah	2.38
sarawak-05-142.wav	sehari brapa bijik	1.07
sarawak-05-143.wav	satu mun kitak demam kitak boleh ambik duak tiga egek lah	3.28
sarawak-05-144.wav	mun sepapan tek dapatlah makan sepuluh hari	2.22
sarawak-05-145.wav	kamek rasa memang kitak patut makan lah sebab kitak ndak alah-alah batuk	2.43
sarawak-05-146.wav	siklah teralah2 baruk juak lah tapi ya lah susah kita tok tek nama kita tok tek nama dah mengajar nak kita tok nak kelaka dah kita terbatuk batuk tek masalah juak yalah kamek tok mok cepat-cepat bait	10.91
sarawak-05-147.wav	ya lah boleh kitak ambik ya bah pergilah beli dekat batu lintang ya masalahnya batu lintang ya klinik ya nya jual dua belas ringgit sekeping	10.19
sarawak-05-148.wav	rami orang gi meli ya kali oh	1.7
sarawak-05-149.wav	dah nya orang suruh orang makan benda ya suma orang sik tauk and kitak mok rasa kitak mok tauk pergi lah ber-google tangga apa yang kepentingan lysozyme ya lysozyme bukan kitak sik tauk apa lysozyme	14.85
sarawak-05-150.wav	aok tauk apa kita dah belajar lam biology bah	1.79
sarawak-05-151.wav	ah biologi spm pun tauk	1.84
sarawak-05-152.wav	lam sel suma ya ada lysozyme lysosome	3.43
sarawak-05-153.wav	yalah tek	0.67
sarawak-05-154.wav	batuk kamek tok banyak gilak kamek tok kelaka	2.24
sarawak-05-155.wav	oh ya ka kesian nangga kitak oh sikpalah kitak mun kitak bait kelak kitak kita jalan	5.48
sarawak-05-156.wav	singgah meli aik lok kita duak tok pakey melancarkan tekak kamek eh gi kedey nak ne paling dekat kedey sitok stesen minyak kah pun boleh	8.85
sarawak-05-157.wav	pergi dekat nya nun ada petronas sinun	3.48
sarawak-05-158.wav	ah singgah lah siya turun meli lok	1.92
sarawak-05-159.wav	kitak mok aik juak sik	1.3
sarawak-05-160.wav	kamek rasa kamek mok minum aik gatorade	3.47
sarawak-05-161.wav	aik gatorade	0.63
sarawak-05-162.wav	please	0.34
sarawak-05-163.wav	mun ada jak boleh lah meli kamek mok ya juak kali	2.39
sarawak-05-164.wav	yalah minuman isotonik untuk	2.3
sarawak-05-165.wav	aik pakey ganti electrolyte dalam badan	2.68
sarawak-05-166.wav	yalah tek pa nama ya tek tapi mahal oh heran aku di petronas tok	5.08
sarawak-05-167.wav	petronas memang ada suka nak nait rega sikit	3.43
sarawak-05-168.wav	aok eh pa nama nak dekat sibu sikda jual nak kah bapak faizul pun kedak selalu kesian juak kamek nangga nya malar sakit nak	9.34
sarawak-05-169.wav	kitak tek nak meli gatorade tek ngan nya	2.34
sarawak-05-170.wav	gatorade apa nok nak oren jak ada pas ya nya madah masam sikmok ku minum tauk jak orang tua	4.93
sarawak-05-171.wav	aok eh nak warna purple ya nyaman	1.23
sarawak-05-172.wav	aok purple sik tapi sibu nang seranto-ranto sibu sikda	3.77
sarawak-05-173.wav	ok lah kita balit gik	1.18
sarawak-05-174.wav	jum	1.21
sarawak-06-1.wav	haa apa cerita aa si research kitak tek terung asam kitak tek apa cerita	5.73
sarawak-06-2.wav	ada student nganta gambar tadik dalam whatsapp aa masih negative juak tapi kamek rasa dos dipakey nya kecik gilak	8.42
sarawak-06-3.wav	nya make method kedak ne i meant make kaedah kedak ne	3.2
sarawak-06-4.wav	aih makey kaedah nok dipadah kamek nakya lah makey empty disc ya disc kosong ya kakya extract ya tadik nak crude ya dititis atas ya tapi yalah kamek rasa dos ya kecik gilak kali ya macam sikda effect kali	15.95
sarawak-06-5.wav	kitak muak juak student kitak da nganta gambar apa semua kitak tauk sik student kamek kamek rasa seminggu duak minggu dah sik da ngagak kamek apa last nya tek eh tauk sik kitak last yang kamek nahan nya dari pukul lapan pagi sampe kol enam setengah petang eh	12.55
sarawak-06-6.wav	jerak	0.44
sarawak-06-7.wav	jerak nya ngan kamek tauk sik kitak sik ada nya ngagak kamek agik kamek nyuroh nya polah graf kamek nyuruh ny polah graf lah pakey nangga nak-nak dos respon ya nak	10.2
sarawak-06-8.wav	aok	0.49
sarawak-06-9.wav	mestilah kita mok test dolok sik lah semestinya kita perlu ada sigek complete data yang kitak boleh sigek graf jak pun nak sik maok nya tek kelak eh si kelak nak sorang ya akan complain kelak nya madah ngan kamek nak pegi nak ea kamek nak apa nama ha exam	17.65
sarawak-06-10.wav	aok nak exam lah nak apa lah kelak markah sik bagus kita juak kenak	4.57
sarawak-06-11.wav	tapi masalah nya terung asam ya mahal juak kesian juak kamek nangga nya molah crude sekali lagik aa undenatured agik	5.8
sarawak-06-12.wav	polah gik	0.52
sarawak-06-13.wav	polah baru kamek sikmok makey nak lamak kamek sik duli polah baru sidaknya	4.25
sarawak-06-14.wav	mun kitak dapat alcohol nok baru riya nak makey nok baru ya jak teruslah	3.48
sarawak-06-15.wav	sik sebab untuk mengurangkan risiko kita sik pat apa-apa nak benda kamek ya sik akan dapat diulang pun	8.63
sarawak-06-16.wav	aok	0.37
sarawak-06-17.wav	nok kamek ya boleh diulang sikda juak hal	1.36
sarawak-06-18.wav	kitak sikda masalah beratus ratus kali bejuta juta disc kitak nak engkah pun sik kisah nak yalah risiko kita nak makei benda benda idup nak yalah bak kata coordinator yang kau pegi bunuh haiwan apahal sama jak makey benda lain dipolah tapi kita tok bidangnya pharmacology dah giney lah nak molah	18.86
sarawak-06-19.wav	nang kitak mun sik makey tikus	1.49
sarawak-06-20.wav	giney lah	0.88
sarawak-06-21.wav	lah dapat	0.55
sarawak-06-22.wav	aok lah nya macam ada sik kitak nangga artikel sigek artikel dalam siney kamek sik tauk juak ada dalam kkm kkm mpun website	7.67
sarawak-06-23.wav	aok	0.26
sarawak-06-24.wav	nya madah penggunaan misai kucing ataupun apa-apa natural produk yang berlebihan akan boleh menyebabkan kemudaratan atau kematian ya lah macam ya sebenarnya kes nok acute toxicity bah	12.32
sarawak-06-25.wav	aok ya lah	0.83
sarawak-06-26.wav	aaa	0.39
sarawak-06-27.wav	bukan misai kucing jak semua benda pun mun dah berlebihan	3.12
sarawak-06-28.wav	yerr lalu di repost oleh orang tek madah tek natural produk sik bagus	6.06
sarawak-06-29.wav	aiyaiyai	1.07
sarawak-06-30.wav	aih sik nya tauk benda ya apa nak	2.01
sarawak-06-31.wav	aok	0.47
sarawak-06-32.wav	ya tauk nya madah okay kkm madah jangan makan misai kucing	4.39
sarawak-06-33.wav	aok	0.81
sarawak-06-34.wav	bukan aku nyuruh kau makan misai kucing kinek kinek ya makan sampe seratus kilo betul sik mati juak tikus ya	5.67
sarawak-06-35.wav	aok diberik banyak	1.69
sarawak-06-36.wav	sik nya tauk morphine ya datang dari siney dari opium flowers ya	5.07
sarawak-06-37.wav	bunga ya	0.65
sarawak-06-38.wav	bunga opium ya haa ya datang dari siney dari natural products juak drugs juak ya kamek pelik pasya student aa macam student dengan kamek nya macam stress gila sampe ke tahap nya madah kamek madah “kitak sikmok ka nama kitak dipublishkan sebab kitak polah benda benda kedak ya ” “aku sik mikey dolok benda benda ya semua” nya madah sebab apa nya stress tek sebab disuruh kamek molah balit molah crude extract balit	26.9
sarawak-06-39.wav	kesian nangga student kitak	2.09
sarawak-06-40.wav	aku maok kitak orang polah ya kelak benda ya kelak benda ya akan aku engkah dalam publish paper aku dan kau sekali madah mek an nya aku sikmok benda ya sik pakey aku ngan benda ya aih ko tauk sik apa cv kamek tanyak kamek madah ngan nya cv ya sebenarnya yalah yang akan dimasukan dalam cv kelak kamek madah ngan nya sekarang tok memang kau sikda rasa tapi bila ko nak polah research doktor ada molah research kamek madah ngan nya so macam aok jak la nya tak tauk sik kitak lepas nya kerja sampe enam petang tek duak ari nya sik turun ke kelas sebab nya penat penat gila nak	30.49
sarawak-06-41.wav	penat gilak sebab sehari hari molah kerja makmal	2.97
sarawak-06-42.wav	bukan nya membunuh tikus pun	1.32
sarawak-06-43.wav	aok	0.33
sarawak-06-44.wav	nya datang nangga nak ct rolling jak nangga contraction jak	2.84
sarawak-06-45.wav	aok	0.32
sarawak-06-46.wav	yang sebenar benar polah kerja ya sapa si lab ya lah	3.8
sarawak-06-47.wav	aa mlt	1.55
sarawak-06-48.wav	orang lab lah yang molah tapi sikda juak kamek nanggga orang ya tersungkur	3.84
sarawak-06-49.wav	tapi student kamek bagus koh kamek nangga dakya dilab petang tok daknya dilab tek kata sidak nya kol tiga setengah	5.37
sarawak-06-50.wav	sebab sidak bingung sikda finding sebab ya sidak bingung nya macam rasa ingin nak molah ingin nak molah	5.52
sarawak-06-51.wav	tapi bagus nya polah macam ya	1.71
sarawak-06-52.wav	eh sik dahal biarlah nya nya mikey dikpun	1.94
sarawak-06-53.wav	sampe nya dapat finding dimaoknya mun sikda finding ne lah nak molah	3.24
sarawak-06-54.wav	yalah apa boleh buat ko conclude kedak ya jak lah	2.24
sarawak-06-55.wav	dah nama kata tok makey	2.07
sarawak-06-56.wav	natural produk	0.66
sarawak-06-57.wav	aok natural produk mun ada ada mun sikda effect sikda asal ada molah jak	5.43
sarawak-06-58.wav	yalah namanya kita preliminary kata orang nak aduh eh panama ya tek nak ea research orang lain kamek nangga camne oh	9.58
sarawak-06-59.wav	aduh student rami lam lab tangga mek	2.08
sarawak-06-60.wav	cam anna nangga kamek ya allah banyak na plates student ya molah banyak na polah oh	4.97
sarawak-06-61.wav	banyak nya molah agar plate makey bakteria	2.77
sarawak-06-62.wav	apa sebenarnya macam kitak ka	1.8
sarawak-06-63.wav	siktauk sik eh bukan nya sik da makey natural produk kamek siktauk kamek ada klaka ngan student daknya macam madah daknya engkah dalam serbuk cuci mulut ka aok macam ya nok makey kumur mulut ya nangga kuman ne boleh mati dengan which one dengan nak ne sigek kamek rasa lah tapi kamek siktauk lah anna pun ka sapa pun ka	22.35
sarawak-06-64.wav	ooooh duhal	1.92
sarawak-06-65.wav	macam macam juak lah dipolah daknya ada sigek kumpulan agik kamek nangga nya gambik apa nama tek air apa nama tek	10.94
sarawak-06-66.wav	air apa	0.46
sarawak-06-67.wav	air reverse osmosis machine eh	1.64
sarawak-06-68.wav	oh ya	0.48
sarawak-06-69.wav	nya kumpul semua air tempat ya nya mok check	3.33
sarawak-06-70.wav	adui bukannya selamat gilak pun benda benda	3.88
sarawak-06-71.wav	yalah	1.13
sarawak-06-72.wav	cam nenek kamek tauk sik ada nak air filter ya nak air ya sik masak pun masak nya baru air nok dalam filter ya masak nya baru nama lah orang tua tek nak	9.05
sarawak-06-73.wav	apalah gunanya difilter	1.32
sarawak-06-74.wav	ndak ku tauk	0.77
sarawak-06-75.wav	sikperlu lah dimasak agik	0.9
sarawak-06-76.wav	aok yalah bukan nya kita dapat menjelaskan ngan nya bahawasanya si filter ya tek teknik tek adalah macam ne	8.76
sarawak-06-77.wav	nya napis bah	1.4
sarawak-06-78.wav	benda ya paling nano mpun	2.43
sarawak-06-79.wav	paling kecik mpun dapat ditapis sebab siklah nya ada gik dalam air ya lagik	4.73
sarawak-06-80.wav	e-coli dapat sik sikpat nak	1.88
sarawak-06-81.wav	semua dapat	0.49
sarawak-06-82.wav	dapat ka	0.57
sarawak-06-83.wav	semua dapat	0.84
sarawak-06-84.wav	oooohhh	0.7
sarawak-06-85.wav	nya nang memang bersih	0.96
sarawak-06-86.wav	leptospirosis	0.94
sarawak-06-87.wav	mun ya sik dapat maksudnya air ya perlu dimasak	3.58
sarawak-06-88.wav	aok mena mena	1.09
sarawak-06-89.wav	mun air ya sikperlu dimasak ya maksudnya ya dah napis semua	2.92
sarawak-06-90.wav	minum air ultrafilter jak kita smua nak sepuluh ribu eh	2.9
sarawak-06-91.wav	ya bisak sel badan lah	1.62
sarawak-06-92.wav	mampus kita terung asam kamek kamek rasa dalam duak minggu gik lah nunggu azhar datang mesti nak nunggu orang datang lok	10.58
sarawak-06-93.wav	aok	0.38
sarawak-06-94.wav	sik dapat banyak gilak machine ya dipakey susah aiee	3.24
sarawak-06-95.wav	perlu arap sidak sidak juak	1.59
sarawak-06-96.wav	zul kamek bingung sebab sidaknya sikdatang menanyak kamek dan kamek takut sidaknya sikdapat nak menganalisis ya kamek dah madah beberapa kali dah daknya sik baca pun apa artikel yang kamek suruh baca	12.09
sarawak-06-97.wav	camne lah sidaknya nak analyze ya kelak oh	1.96
sarawak-06-98.wav	kamek bingung juak zul susah mek ngan tahap ya macam kelak kamek yang akan mati- kelak kita duak yang akan gila dan kamek akan membawak kitak sekali menggilalah sikda orang lain yang kamek mintak tolong kecuali kitak tapi yalatek apalah guna kita molah master then polah benda camya sebelum tok sama juak nak	20.77
sarawak-06-99.wav	sama juak	0.69
sarawak-06-100.wav	at least kita boleh publish dah kelak adalah satu paper dalam taun tok mun orang sikmok publish paper kita kita mintaklah duit dari unimas	7.03
sarawak-06-101.wav	aok	0.43
sarawak-06-102.wav	unimas kan boleh berik duit dengan dekat hindawi orang lain boleh mintak kita pun boleh mintak betul sik betul sik kita guna apa kelebihan unimas ada betul sik	9.67
sarawak-06-103.wav	nya nang maok berik sukati jak ka	1.35
sarawak-06-104.wav	boleh bukanlah nya berik sukati maksud mek kita hantar tapi hindawi tok adalah jenis tempat yang kita boleh publish asal kita ada duit bayar kitak faham sik and nya impact tinggi sebab tok kluar duit mun kitak sikda duit sorry nya sikda publish kitak walau hebat kedak ne camyalah nya mesti ada duit seribu setengah sigek	22.2
sarawak-06-105.wav	seribu setengah sigek oh	1.05
sarawak-06-106.wav	aok kinek siktauk gik lah tapi kamek rasa senang jak pakey kitak kamek rasa	3.31
sarawak-06-107.wav	yalah	0.54
sarawak-06-108.wav	kitak dah disitok bah so at least kitak boleh pegi publish kitak mpun kamek ada disiya and kamek ada kamek mpun kitak disiya camya bah	9.05
sarawak-06-109.wav	boleh jak kita mintak nak ada jak tempat nya lain lain bah	2.39
sarawak-06-110.wav	aok yalah yalah macam nok terong asam ya nak mou sidak agriculture ya	5.72
sarawak-06-111.wav	aok	0.28
sarawak-06-112.wav	tadik ada nya mesej kamek nya reply mesej kamek lah nya madah nya dah berik ngan mr lawrence lawrence nak ngan kitak ya ka	5.59
sarawak-06-113.wav	aok mr lawrence nok laki ya	1.86
sarawak-06-114.wav	“aa kelak aku tanyak ngan bos lah nya dah forward ngan mr lau” so okaylah should be okay lah	6.82
sarawak-06-115.wav	sik lamak gik lah harap	0.85
sarawak-06-116.wav	aok harap berjayalah nok ohh lela pun tauk kita tengah bekerja dalam hal ya	6.0
sarawak-06-117.wav	aok	0.47
sarawak-06-118.wav	ada juak benda yang kita polah macam jangan lah orang madah kita tok siktauk apa apa nak	3.83
sarawak-06-119.wav	yalah	0.46
sarawak-06-120.wav	at least research kita okay berjalan	3.1
sarawak-06-121.wav	bingung juak kamek mikey hal research tok	2.86
sarawak-06-122.wav	yalah research kita tapi yalah kita makan masa lamak lah bukannya research kita research yang bodo bodo	6.55
sarawak-06-123.wav	aok	0.43
sarawak-06-124.wav	semua perlu lab mpun work bah	3.26
sarawak-06-125.wav	nasib bait ada student kira student ya tek sambil polah projek daknya nak kita tek dapat juak nangga macam ne	6.99
sarawak-06-126.wav	yalah gunanya student yalah kita perlu menggunakan student	3.2
sarawak-07-1.wav	zul kitak ada download sik once upon a time	3.82
sarawak-07-2.wav	aaa nak baru ka ada	1.9
sarawak-07-3.wav	aih kamek dah sik tauk sigek ne kamek dah nangga dan belom nangga dalam	4.26
sarawak-07-4.wav	aih yalah kitak sik nakya kamek ada apps pakey mek madah episode ne kamek dh nangga nakne belom	5.37
sarawak-07-5.wav	kamek bukan champion kamek bukan champion apps apps ni yalah kamek sik tauk so once upon a time anak kamek mok nangga bah once upon a time ya cerita nak kinek tok apa nama ya tek once upon yang nakya ya bah yang kamek nangga nya show ny show nya makey baju frozen eh	19.19
sarawak-07-6.wav	oooh	1.06
sarawak-07-7.wav	nak nya duak anna ngan elsa aok ya apa ya sebenarnya	4.61
sarawak-07-8.wav	aih si kisah sidak frozen lah kitak mesti ada nangga katon frozen ya nak	4.2
sarawak-07-9.wav	tapi sik sama pun kamek sik faham nak benda yang sihir nak pompuan baju itam ya pabenda	4.84
sarawak-07-10.wav	ya kamek madah nok dolok ya daripada	2.67
sarawak-07-11.wav	berapa siri dah sebenarnya	1.96
sarawak-07-12.wav	dah empat taun crita ya	1.27
sarawak-07-13.wav	oh yaka kamek macam kamek	1.66
sarawak-07-14.wav	empat taun ka tiga taun sik	1.83
sarawak-07-15.wav	best ka zul crita ya zul	1.82
sarawak-07-16.wav	best juak lah nya macam dolok dolok nya ada kisah dak sidak wicked witch lah dak ahli sihir	7.92
sarawak-07-17.wav	aok	0.56
sarawak-07-18.wav	pas kinek tok tek nya tek ekot frozen ya ne ndak mbiak lalu gila juak	4.21
sarawak-07-19.wav	kenak lah nak makey baju itam ya nya madah nya dah jadi bait	3.27
sarawak-07-20.wav	aok dah jadi bait nya	1.29
sarawak-07-21.wav	sebab	0.3
sarawak-07-22.wav	waktu nya musim pertama dengan yang keduak dolok nya jaik yang ketiga ya okay bah nya dah jadi bait	6.03
sarawak-07-23.wav	yang orang laki ya yang nya madah nya suka orang laki ya pa benda nak marrianne ya bini nya laki nya sapa	7.83
sarawak-07-24.wav	aie laki nya ya lah robin hood ya kan nya dari zaman dolok juak mbak ke sia	5.67
sarawak-07-25.wav	oh robin hood nya bercinta ngan robin hood ya	1.92
sarawak-07-26.wav	aok	0.23
sarawak-07-27.wav	tapi robin hood ya ada gerek nama marrianne marrianne ya bini nya kinek tok	4.31
sarawak-07-28.wav	aok bini nya dari zaman ya tek	2.81
sarawak-07-29.wav	jadi giney lah	1.8
sarawak-07-30.wav	yalah sik tauk juak apa kesudahan nya nya madah riya macam nya tandah nya ngan bini nya jak ka	6.36
sarawak-07-31.wav	oohh	1.34
sarawak-07-32.wav	kitak dah nangga episode ya riya	1.71
sarawak-07-33.wav	erm sik sure apa nama ya tek kamek sik faham gilak sebenarnya crita nak once upon a time sebab nak ceritanya nya ada berselit dengan crita nak sidak witch ya	11.87
sarawak-07-34.wav	cerita daripada nak lamak lamak dolok juak	2.11
sarawak-07-35.wav	yalah kamek sik faham tapi macam costume ya kacak lah tek macam menarik perhatian kamek lah aok tapi sebenarnya pokok cerita bukannya sik faham pun apa dipadah sidaknya aa apa nama once upon a time apa gik yang kitak ada	15.79
sarawak-07-36.wav	um cerita lain mun crita makey anak-anak tak	4.43
sarawak-07-37.wav	aok aok kamek maok pakey anak	2.07
sarawak-07-38.wav	cerita nembiak kamek sik banyak gilak kamek apa juak suka nangga dakya bah	3.32
sarawak-07-39.wav	kitak tauk sik yang kitak berik kamek nak siri apa benda ya tek siri nak ya tek nak nya vergin ya nak vergin ya	10.24
sarawak-07-40.wav	oh gen ya ka	1.22
sarawak-07-41.wav	genvergin	0.78
sarawak-07-42.wav	aaaa	0.72
sarawak-07-43.wav	tapi kamek rasa benda ya sik sesuai untuk ditangga anak kamek lah sebab tiba tiba nya macam kissing bercium cium ne lah boleh dak mbiak nangga nak walaupun nya madah nya nutup mata tapi takut juak lah terpengaruh tv nak	13.98
sarawak-07-44.wav	hmm	0.35
sarawak-07-45.wav	tapi kamek nangga setakat ne gik oh kamek nangga setakat nya bunting kamek sik faham kenak orang laki ya maok anak ya	8.68
sarawak-07-46.wav	sebab nya handle anak nya sebenarnya	2.22
sarawak-07-47.wav	sik kenak nya maok ngan ompuan ya	1.77
sarawak-07-48.wav	sebab nya pernah jumpa ompuan ya dolok waktu nya waktu nya gik zaman umur nya belasan taun	6.67
sarawak-07-49.wav	oooo	1.04
sarawak-07-50.wav	sidaknya pernah berjumpa sekali ompuan ya ya tek nya macam ya tek nya macam ada spark ngan ompuan ya tek macam da suka sebenarnya	6.25
sarawak-07-51.wav	oooo lepas ya tek	2.26
sarawak-07-52.wav	cun juak ompuan ya tek lalu tek cam maok jak lah	3.58
sarawak-07-53.wav	nya maok in-vitro ya tek apahal nya maok ngan ompuan nak sikok ya apa kaitan nya ngan doctor ya	5.84
sarawak-07-54.wav	oh doctor oh dokter ya kakak kepada orang laki ya	4.54
sarawak-07-55.wav	ooh pasya kenak la nya macam manas-manas hari ya apahal	3.7
sarawak-07-56.wav	nya tek tengah emosi kelaie ngan gerek nya	3.84
sarawak-07-57.wav	oooo	1.15
sarawak-07-58.wav	nya tek terengkah in-vitro salah orang	2.92
sarawak-07-59.wav	kasya kenak lah ngan ompuan yang maok in-vitro ya	3.88
sarawak-07-60.wav	bini kepada laki ya	1.24
sarawak-07-61.wav	ooh okay kenak apa mati pucuk ka apa	3.0
sarawak-07-62.wav	sikda orang laki ya nya cancer	2.73
sarawak-07-63.wav	oh tedah bini nya cancer kenak sikdapat seperti biasa	3.56
sarawak-07-64.wav	siktauk siktauk juak eh nama cerita dipolah macam ya	3.38
sarawak-07-65.wav	pelik oh macam kedak mati pucuk tok jak	2.5
sarawak-07-66.wav	sik nya macam dah disimpan awal dah dalam liquid nitrogen	5.03
sarawak-07-67.wav	oooo	1.1
sarawak-07-68.wav	simpan awal pakey untuk nya	2.51
sarawak-07-69.wav	kan nak pompuan ya ada gen nya ada gerek	3.52
sarawak-07-70.wav	aok ada dah putus dah bah	1.62
sarawak-07-71.wav	hah putus dah ka crita ya apahal nya putus	2.94
sarawak-07-72.wav	sebab nya ngan orang laki ya lah kan nya mengandung ngan laki ya dolok	4.31
sarawak-07-73.wav	so nya bersama ngan orang laki ya lah	2.48
sarawak-07-74.wav	mmm sik	0.54
sarawak-07-75.wav	bercinta	0.7
sarawak-07-76.wav	bercintalah	1.07
sarawak-07-77.wav	oh tedah alulah tek sik nak ka alu nya propose ea ada sik kitak nangga daknya melamar eeh cara nya melamar eh	7.45
sarawak-07-78.wav	yalah kitak tangga lah agik penghujung agik	1.68
sarawak-07-79.wav	sik masalah nya kamek sik dapat nangga anak kamek nya sik boleh nangga benda benda macam ya	6.57
sarawak-07-80.wav	so tunggulah nya tido lok	1.15
sarawak-07-81.wav	mami dirumah nak mbukak tv ceritanya melayu jak dah la boring eh kamek nak nangga cerita siri ya apa gik siri apa yang kitak ada gik	9.21
sarawak-07-82.wav	ne da apa gik nakya lom ada riya nak the strange ya	3.56
sarawak-07-83.wav	nak the stran- oh ya kamek dah nangga	2.32
sarawak-07-84.wav	aa baruk abis season satu belom ada season duak gik taun tok kali	2.95
sarawak-07-85.wav	oooo	0.85
sarawak-07-86.wav	ya di diat	0.55
sarawak-07-87.wav	yang baru baru apa kinek tok apa yang keluar dah habis dah nakya dak thanksgiving ya apa semua dah habis	5.23
sarawak-07-88.wav	sikda gik eh belum agik	1.83
sarawak-07-89.wav	project runaway	1.7
sarawak-07-90.wav	ya all-star jak ya ya masih ya masih all-star nak kamek dah berik ngan kitak	5.25
sarawak-07-91.wav	ya jak lah sikda yang dah updated ka	2.09
sarawak-07-92.wav	ada sigek gik kamek rasa minggu ya tek dak bertanding molah baju ya	5.95
sarawak-07-93.wav	baju apa	1.04
sarawak-07-94.wav	aieh nya molah baju apa oh oh polah baju top dengan seluar lah separately	7.16
sarawak-07-95.wav	ooh ah separately tapi nya bersambung	2.97
sarawak-07-96.wav	nya boleh dipakey ngan barang-barang lain aa nang macam ya lah	3.54
sarawak-07-97.wav	kamek suka juak nangga crita camya	2.32
sarawak-07-98.wav	rilek rilek k nangga bah	1.51
sarawak-07-99.wav	aih doraemon ya best	1.46
sarawak-07-100.wav	kamek lom nangga gik doraemon ya	1.15
sarawak-07-101.wav	ya allah ceritanya sangat best tauk sik kitak audah ngan syarifah nangis nangga cerita doraemon ya	4.01
sarawak-07-102.wav	aie tauk reti juak	1.98
sarawak-07-103.wav	aok best cerita ya akhirnya doraemon ya nya meninggalkan nakya nya meninggalkan nobita	9.26
sarawak-07-104.wav	apahal	0.45
sarawak-07-105.wav	masa depan nya tek nak doraemon meninggalkan nobita sedihlah tapi akhirnya tek disebabkan nya nangga masa depan nak doraemon kembali sampe nya akan besa kelak	10.98
sarawak-07-106.wav	ohh	0.7
sarawak-07-107.wav	aaa	0.78
sarawak-07-108.wav	alu sikla naknya nangis sebenarnya tek	1.8
sarawak-07-109.wav	ha	0.47
sarawak-07-110.wav	sikda la nya ilang sebenarnya tek	1.75
sarawak-07-111.wav	nya boleh menukar masa menuka takdir lah sebab nya dah melihat takdir sebelum tuk nya akan kawin dengan sizuka aih	8.91
sarawak-07-112.wav	aih	0.57
sarawak-07-113.wav	kamek belom gik nangga kelak lah kamek nangga mun mek ada masa	3.48
sarawak-07-114.wav	aa cerita katon lain cerita katon nok gemok ada ka sik nok warna merah ya	4.98
sarawak-07-115.wav	gemok merah and warna putih cerita nak yang dipolah sidak frozen juak eh bah	5.9
sarawak-07-116.wav	big hero	1.13
sarawak-07-117.wav	ada sik kitak	0.82
sarawak-07-118.wav	belom ada gik kamek koh bukan tak nangga wayang ya kah	3.13
sarawak-07-119.wav	kamek nak nangga wayang ne da kamek nangga wayang	2.69
sarawak-07-120.wav	apalah nak nangga wayang riya crita ya kamek dengar rami orang madah crita ya best	3.83
sarawak-07-121.wav	oh yaka carik lok ngan kamek kitak carik lah ngan kamek	3.2
sarawak-07-122.wav	kelak lah kamek coba nangga ada ka sik kamek rasa belom ada gik blue ray nya	4.99
sarawak-07-123.wav	eh perlu ka mok carik blue ray tangga biasa biasa jak lah	2.64
sarawak-07-124.wav	kelak lah kitak maok nok high quality	1.13
sarawak-07-125.wav	eh perlu ka semua benda ya pakey nangga jak pun	5.14
sarawak-07-126.wav	hmm perlu juak lah mun kamek sik puas hati kamek nangga gambar nok sik terang ya nok cetak rompak ambik dari wayang ya kita mesti beli yang original ok	9.78
sarawak-07-127.wav	survivor	1.18
sarawak-07-128.wav	ya sikda gik dah nunggu	1.51
sarawak-07-129.wav	dah habis dah oh	0.57
sarawak-07-130.wav	dah habis dah	1.15
sarawak-07-131.wav	hmm	0.58
sarawak-07-132.wav	apa gik nak dicerita nangga jak muvi soh anak kitak nangga movie	5.61
sarawak-07-133.wav	movie apa	1.27
sarawak-07-134.wav	movie lah astro banyak eh	1.48
sarawak-07-135.wav	nak fox family ya ka	1.06
sarawak-07-136.wav	haa	0.47
sarawak-07-137.wav	semua benda dah ditangga nya dak trolly pabenda motorolly nak cerita	4.2
sarawak-07-138.wav	rattatouille	1.23
sarawak-07-139.wav	ratatouille nak tikus eh	3.12
sarawak-07-140.wav	aok	0.34
sarawak-07-141.wav	nya sup nangga cerita ya tadik nya nangga cerita ya alu sik nangis nya nak ngekot kamek ke kerja tadik bah	3.76
sarawak-07-142.wav	pasang nok camya ya jak lah ngan nya pakey nyuruh nya lekat rumah nangga tv	5.43
sarawak-07-143.wav	masalah nya mun mummy nya ada sikpat nya nangga siri apa pun sikdapat di diat	3.88
sarawak-07-144.wav	yalah	0.47
sarawak-07-145.wav	oleh orang tua ya	0.81
sarawak-07-146.wav	ari lusak mummy balit nak	1.34
sarawak-07-147.wav	nya siri apa tok cinta ibadah ha kol lima cinta ibadah nya cerita melayu cerita nok dua ratus siri ya	6.68
sarawak-07-148.wav	aok ya bila nak abis crita ya dua ratus siri ya aduhh	4.96
sarawak-07-149.wav	kol lima tok cerita ya kelak malam cerita apa gik kah cerita tv satu tv dua semua didiat semua nok pakey diat	6.84
sarawak-07-150.wav	bagus siboh nangga astro mun dah nangga channel ya	2.39
sarawak-07-151.wav	tapi mummy dirumah astro enjoy jak nak rupa kamek tok enjoy nak astro nak benda benda astro ya tapi sik dapat nak nangga seluruh benda	9.69
sarawak-07-152.wav	hmm	0.54
sarawak-07-153.wav	haih apa nama cerita aih kitak ada nangga lala umm masa lunch hour ya	8.8
sarawak-07-154.wav	oh ya cerita vampire ya	2.52
sarawak-07-155.wav	best ka	0.34
sarawak-07-156.wav	kitak nangga cerita ya	0.85
sarawak-07-157.wav	best sik	0.68
sarawak-07-158.wav	dah jaoh gilak dah sampe musim ke-6 dah kitak sik dapat kitak nak ngekot dari	5.36
sarawak-07-159.wav	beriklah kamek episode pertama boleh sik	2.04
sarawak-07-160.wav	ne ada nyimpan agik pun dah enam taun lepas	3.29
sarawak-07-161.wav	kamek suka cerita angel ya bah angel vampire ya ne tauk ada gik baru sikda ka zul	4.47
sarawak-07-162.wav	sikda ney da pelakon pun dah tua	2.46
sarawak-07-163.wav	mena ka tapi cerita ya best kenak kamek sup gilak nangga cerita ya oh	4.13
sarawak-07-164.wav	ne kamek tauk zaman ne kitak suka nangga	2.13
sarawak-07-165.wav	zaman teenager tek nak zaman gik gik gik apa angkat dara kata orang	6.52
sarawak-07-166.wav	cuba nangga crita	1.2